Channel Title,Channel Username,Message ID,Message,Date,Media Path
Sheger online-store,@Shageronlinestore,7437,"­ЪЊїWaterproof┬а Baby Urine Mat Cover

Рюћ№ИЈрІЇрѕЃ рІерѕЏрІФрѕхрїѕрЅБ ріЦріЋрІ░рїѕріЊ рѕірЅ│рїарЅЦ рІерѕџрЅйрѕЇ рІерѕЋрЇЃріЋ рІерѕйріЋрЅх рѕЮріЋрїБрЇЇрЇб
Рюћ№ИЈ рЅарЅ░рїерѕЏрѕфрѕЮ рІ│рІГрЇљрѕГ рѕѕрѕўрЅђрІерѕГ рІерѕџрІФрїѕрѕѕрїЇрѕЇ

Рюћ№ИЈReusable 
Рюћ№ИЈWashable

Рџа№ИЈSize: 1m├Ќ80cm

рІІрїІрЇд┬а­Ъњх­ЪЈи 650рЅЦрѕГРюЁ

Рюї№ИЈрІЇрѕхріЋ рЇЇрѕг ріљрІЇ рІФрѕѕріЋ/ Limited Stock

­ЪЈб ріарІхрѕФрѕ╗ рЅЂ.1 ­ЪЉЅ рѕўрїѕріЊріЏ рЅ│рѕю рїІрѕх рѕЁріЋрЇЃ рїјріЋ рѕхрѕф ріцрѕЮ рѕ▓рЅ▓ рѕърѕЇ┬а рѕЂрѕѕрЅ░ріЏ рЇјрЅЁ рЅбрѕ« рЅЂ. SL-05A(ріе рѕірЇЇрЅ▒ рЇірЅх рѕѕ рЇірЅх)

­ЪЊЇрЅЂ.2 ­ЪЉЅрѕѕрЅА┬а рѕўрІ│рѕЁріњрІЊрѕѕрѕЮ рЅцрЅ░/ріГрѕГрѕхрЅ▓рІФріЋ┬а100рѕю рІѕрІ░ рѕЎрІџрЅЃ рЅцрЅх ріерЇЇ рЅЦрѕј┬а #рІЏрѕЮ_рѕърѕЇ 2ріЏ рЇјрЅЁ рЅбрѕ«.рЅЂ 214


┬а┬а┬а ­ЪЊ▓ 0909522840
┬а┬а┬а ­ЪЊ▓ 0923350054

­ЪЉЇрѕѕрЅА┬арЅЁрѕГріЋрїФрЇЇ­ЪЊ▓0973611819


­Ъћќ
­Ъњг┬а рЅаTelegram рѕѕрѕЏрІўрІЮ Рцх№ИЈ рІГрїарЅђрѕЎ
@shager_onlinestore
┬а 
рѕѕрЅ░рїерѕЏрѕф рѕЏрЅЦрѕФрѕфрІФ рІерЅ┤рѕїрїЇрѕФрѕЮ рїѕрЇЃрЅйріЋРцх№ИЈ
https://t.me/Shageronlinestore┬а┬а┬а┬а┬а┬а┬а┬а┬а┬а┬а┬а┬а",2025-06-25 14:47:35+00:00,photos\@Shageronlinestore_7437.jpg
Sheger online-store,@Shageronlinestore,7436,,2025-06-25 14:47:35+00:00,photos\@Shageronlinestore_7436.jpg
Sheger online-store,@Shageronlinestore,7435,,2025-06-25 14:47:35+00:00,photos\@Shageronlinestore_7435.jpg
Sheger online-store,@Shageronlinestore,7434,,2025-06-25 14:47:35+00:00,photos\@Shageronlinestore_7434.jpg
Sheger online-store,@Shageronlinestore,7433,"­ЪњЦ┬а 2 tier stainless still dish drainer rack

­ЪЉЅрІерЅ│рїарЅА рІеріфрЅйріЋ ріЦрЅЃрІјрЅйрѕЏрІхрѕерЅѓрІФ
­ЪЉЅрІерѕЏрІГрІЮрїЇрЇБрІерѕЏрІГрѕІрѕІрїЦ
­ЪЉЅріеріЋрЇЂрѕЁ ріЦріЊ рїаріЋріФрѕФ рЅЦрѕерЅх рІерЅ░рѕ░рѕФ
­ЪЉЅрЅарѕѕ 2 рІ░рѕерїЃ
­ЪЉЅріерїјріЋріЊ ріерїјріЋ рЅ░рїерѕЏрѕф рѕЏріЋрїарѕЇрїарІФ рІФрѕѕрІЅ
­ЪЉЅрІЅрѕђріЊ ріЦрѕГрїЦрЅарЅх рІерѕЏрІФрЅарѕІрѕИрІЅ
­ЪЉЅрІЅрЅЦріЊ рѕЏрѕФріф ріЦрЅЃ

┬а┬а┬а┬а рІІрїІ:-4200рЅЦрѕГ

РЮїрІЇрѕхріЋ рЇЇрѕг ріљрІЇ рІФрѕѕрІЇ 

­ЪЈб ріарІхрѕФрѕ╗ рЅЂ.1 ­ЪЉЅ рѕўрїѕріЊріЏ рЅ│рѕю рїІрѕх рѕЁріЋрЇЃ рїјріЋ рѕхрѕф ріцрѕЮ рѕ▓рЅ▓ рѕърѕЇ┬а рѕЂрѕѕрЅ░ріЏ рЇјрЅЁ рЅбрѕ« рЅЂ. SL-05A(ріе рѕірЇЇрЅ▒ рЇірЅх рѕѕ рЇірЅх)

­ЪЊЇрЅЂ.2 ­ЪЉЅрѕѕрЅА┬а рѕўрІ│рѕЁріњрІЊрѕѕрѕЮ рЅцрЅ░/ріГрѕГрѕхрЅ▓рІФріЋ рЇірЅх рѕѕрЇірЅх┬а #рІЏрѕЮ_рѕърѕЇ 2ріЏ рЇјрЅЁ рЅбрѕ« рЅЂрїЦрѕГ.214


┬а┬а┬а ­ЪЊ▓ 0909522840
┬а┬а┬а ­ЪЊ▓ 0923350054

­ЪЉЇрѕѕрЅА┬арЅЁрѕГріЋрїФрЇЇ­ЪЊ▓0973611819

­Ъћќ
­Ъњг┬а рЅаTelegram рѕѕрѕЏрІўрІЮ Рцх№ИЈ рІГрїарЅђрѕЎ
@shager_onlinestore
┬а 
рѕѕрЅ░рїерѕЏрѕф рѕЏрЅЦрѕФрѕфрІФ рІерЅ┤рѕїрїЇрѕФрѕЮ рїѕрЇЃрЅйріЋРцх№ИЈ
https://t.me/Shageronlinestore",2025-06-25 09:56:08+00:00,photos\@Shageronlinestore_7433.mp4
Sheger online-store,@Shageronlinestore,7432,,2025-06-25 09:56:08+00:00,photos\@Shageronlinestore_7432.jpg
Sheger online-store,@Shageronlinestore,7431,"­ЪњЦ┬а 2 tier stainless still dish drainer rack

­ЪЉЅрІерЅ│рїарЅА рІеріфрЅйріЋ ріЦрЅЃрІјрЅйрѕЏрІхрѕерЅѓрІФ
­ЪЉЅрІерѕЏрІГрІЮрїЇрЇБрІерѕЏрІГрѕІрѕІрїЦ
­ЪЉЅріеріЋрЇЂрѕЁ ріЦріЊ рїаріЋріФрѕФ рЅЦрѕерЅх рІерЅ░рѕ░рѕФ
­ЪЉЅрЅарѕѕ 2 рІ░рѕерїЃ
­ЪЉЅріерїјріЋріЊ ріерїјріЋ рЅ░рїерѕЏрѕф рѕЏріЋрїарѕЇрїарІФ рІФрѕѕрІЅ
­ЪЉЅрІЅрѕђріЊ ріЦрѕГрїЦрЅарЅх рІерѕЏрІФрЅарѕІрѕИрІЅ
­ЪЉЅрІЅрЅЦріЊ рѕЏрѕФріф ріЦрЅЃ

┬а┬а┬а┬а рІІрїІ:-4,200рЅЦрѕГ

РЮїрІЇрѕхріЋ рЇЇрѕг ріљрІЇ рІФрѕѕрІЇ 

­ЪЈб ріарІхрѕФрѕ╗ рЅЂ.1 ­ЪЉЅ рѕўрїѕріЊріЏ рЅ│рѕю рїІрѕх рѕЁріЋрЇЃ рїјріЋ рѕхрѕф ріцрѕЮ рѕ▓рЅ▓ рѕърѕЇ┬а рѕЂрѕѕрЅ░ріЏ рЇјрЅЁ рЅбрѕ« рЅЂ. SL-05A(ріе рѕірЇЇрЅ▒ рЇірЅх рѕѕ рЇірЅх)

­ЪЊЇрЅЂ.2 ­ЪЉЅрѕѕрЅА┬а рѕўрІ│рѕЁріњрІЊрѕѕрѕЮ рЅцрЅ░/ріГрѕГрѕхрЅ▓рІФріЋ рЇірЅх рѕѕрЇірЅх┬а #рІЏрѕЮ_рѕърѕЇ 2ріЏ рЇјрЅЁ рЅбрѕ« рЅЂрїЦрѕГ.214


┬а┬а┬а ­ЪЊ▓ 0909522840
┬а┬а┬а ­ЪЊ▓ 0923350054

­ЪЉЇрѕѕрЅА┬арЅЁрѕГріЋрїФрЇЇ­ЪЊ▓0973611819

­Ъћќ
­Ъњг┬а рЅаTelegram рѕѕрѕЏрІўрІЮ Рцх№ИЈ рІГрїарЅђрѕЎ
@shager_onlinestore
┬а 
рѕѕрЅ░рїерѕЏрѕф рѕЏрЅЦрѕФрѕфрІФ рІерЅ┤рѕїрїЇрѕФрѕЮ рїѕрЇЃрЅйріЋРцх№ИЈ
https://t.me/Shageronlinestore",2025-06-25 09:56:08+00:00,photos\@Shageronlinestore_7431.jpg
Sheger online-store,@Shageronlinestore,7430,,2025-06-25 06:42:53+00:00,photos\@Shageronlinestore_7430.jpg
Sheger online-store,@Shageronlinestore,7429,,2025-06-25 06:42:53+00:00,photos\@Shageronlinestore_7429.jpg
Sheger online-store,@Shageronlinestore,7428,,2025-06-25 06:42:53+00:00,photos\@Shageronlinestore_7428.jpg
Sheger online-store,@Shageronlinestore,7427,,2025-06-25 06:42:53+00:00,photos\@Shageronlinestore_7427.jpg
Sheger online-store,@Shageronlinestore,7426,"­ЪњЦ­ЪЉћ­ЪЕ│рІерѕЇрЅЦрѕх рѕЏрѕхрїФ (рѕЏрІхрѕерЅѓрІФ)­ЪЉЌ­ЪЦ╗ 
Three Layers of clothes hanger 
РџА№ИЈmade in turky
РџА№ИЈ3double layer 
РџА№ИЈ780*620*1650 mm
РџА№ИЈ┬а ріЦрѕхріе 50kg рѕўрѕИріерѕЮ рѕџрЅйрѕЇ 
РџА№ИЈ рѕЏрїарЇЇ рѕўрІўрѕГрїІрЅх рѕџрЅ╗рѕЇ 
РџА№ИЈ рЅдрЅ│ рЅєрїБрЅб ,рѕѕcondominium.... 
РџА№ИЈрЅЦрѕхріЋ рѕ│рІГрїѕрѕерїБ рЅарЇЇрїЦріљрЅх рІерѕџрІФрІ░рѕГрЅЁ 
РџА№ИЈрЅарЅцрЅх рІЇрѕхрїЦрѕЮ рѕєріљ ріерЅцрЅх рІЇрїГ рѕЇрЅЦрѕХрЅйріЋ рѕѕрѕЏрІхрѕерЅЁ ріЦріЊ рѕѕрѕўрѕхрЅђрѕЇ рЅ░рѕхрѕЏрѕџ рІерѕєріљ

┬а┬а┬а┬а┬а рІІрїІ- 3700 рЅЦрѕГ РюЁ

РЮїрІЅрѕхріЋ рЇЇрѕг ріљрІЇ рІФрѕѕріЋРЮї
­ЪЈб ріарІхрѕФрѕ╗ рЅЂ.1 ­ЪЉЅ рѕўрїѕріЊріЏ рЅ│рѕю рїІрѕх рѕЁріЋрЇЃ рїјріЋ рѕхрѕф ріцрѕЮ рѕ▓рЅ▓ рѕърѕЇ┬а рѕЂрѕѕрЅ░ріЏ рЇјрЅЁ рЅбрѕ« рЅЂ. SL-05A(ріе рѕірЇЇрЅ▒ рЇірЅх рѕѕ рЇірЅх)

­ЪЊЇрЅЂ.2 ­ЪЉЅрѕѕрЅА┬а рѕўрІ│рѕЁріњрІЊрѕѕрѕЮ рЅцрЅ░/ріГрѕГрѕхрЅ▓рІФріЋ рЇірЅх рѕѕрЇірЅх┬а #рІЏрѕЮ_рѕърѕЇ 2ріЏ рЇјрЅЁ рЅбрѕ« рЅЂрїЦрѕГ.214


┬а┬а┬а ­ЪЊ▓ 0909522840
┬а┬а┬а ­ЪЊ▓ 0923350054

­ЪЉЇрѕѕрЅА┬арЅЁрѕГріЋрїФрЇЇ­ЪЊ▓0973611819

­Ъћќ
­Ъњг┬а рЅаTelegram рѕѕрѕЏрІўрІЮ Рцх№ИЈ рІГрїарЅђрѕЎ
@shager_onlinestore
┬а 
рѕѕрЅ░рїерѕЏрѕф рѕЏрЅЦрѕФрѕфрІФ рІерЅ┤рѕїрїЇрѕФрѕЮ рїѕрЇЃрЅйріЋРцх№ИЈ
https://t.me/Shageronlinestore",2025-06-25 06:42:53+00:00,photos\@Shageronlinestore_7426.jpg
Sheger online-store,@Shageronlinestore,7425,,2025-06-24 15:47:55+00:00,photos\@Shageronlinestore_7425.jpg
Sheger online-store,@Shageronlinestore,7424,,2025-06-24 15:47:54+00:00,photos\@Shageronlinestore_7424.jpg
Sheger online-store,@Shageronlinestore,7423,"­ЪЦѓ5.5L Glass dispenser jar with Bamboo stand

­ЪЇирѕѕрЅ░рѕѕрІФрІЕ рѕўрїарїдрЅй рѕЏрЅЁрѕерЅбрІФ
­ЪЇи5.5 рѕірЅхрѕГ рІерѕўрІФрІЮ ріарЅЁрѕЮ рІФрѕѕрІЇ
­ЪЇирѕЏрѕФріф ріЦріЊ рЅарІЅрЅЦ рІ▓рІЏрІГріЋ
­ЪЇирѕѕрЅцрЅхрІј рЅ░рїерѕЏрѕф рІхрѕЮрЅђрЅх рІерѕџрѕєріЋ

┬а┬а┬а┬а рІІрїІ:-4,000рЅЦрѕГРюЁ

РЮїрІЅрѕхріЋ рЇЇрѕг ріљрІЇ рІФрѕѕріЋ
РЮї limited stock

­ЪЈб ріарІхрѕФрѕ╗ рЅЂ.1 ­ЪЉЅ рѕўрїѕріЊріЏ рЅ│рѕю рїІрѕх рѕЁріЋрЇЃ рїјріЋ рѕхрѕф ріцрѕЮ рѕ▓рЅ▓ рѕърѕЇ┬а рѕЂрѕѕрЅ░ріЏ рЇјрЅЁ рЅбрѕ« рЅЂ. SL-05A(ріе рѕірЇЇрЅ▒ рЇірЅх рѕѕ рЇірЅх)

­ЪЊЇрЅЂ.2 ­ЪЉЅрѕѕрЅА┬а рѕўрІ│рѕЁріњрІЊрѕѕрѕЮ рЅцрЅ░/ріГрѕГрѕхрЅ▓рІФріЋ┬а100рѕю рІѕрІ░ рѕЎрІџрЅЃ рЅцрЅх ріерЇЇ рЅЦрѕј┬а #рІЏрѕЮ_рѕърѕЇ 2ріЏ рЇјрЅЁ рЅбрѕ«.рЅЂ 214


┬а┬а┬а ­ЪЊ▓ 0909522840
┬а┬а┬а ­ЪЊ▓ 0923350054

­ЪЉЇрѕѕрЅА┬арЅЁрѕГріЋрїФрЇЇ­ЪЊ▓0973611819


­Ъћќ
­Ъњг┬а рЅаTelegram рѕѕрѕЏрІўрІЮ Рцх№ИЈ рІГрїарЅђрѕЎ
@shager_onlinestore
┬а 
рѕѕрЅ░рїерѕЏрѕф рѕЏрЅЦрѕФрѕфрІФ рІерЅ┤рѕїрїЇрѕФрѕЮ рїѕрЇЃрЅйріЋРцх№ИЈ
https://t.me/Shageronlinestore
┬а",2025-06-24 15:47:54+00:00,photos\@Shageronlinestore_7423.jpg
Sheger online-store,@Shageronlinestore,7422,"­ЪЦѓ5.5L Glass dispenser jar with Bamboo stand

­ЪЇирѕѕрЅ░рѕѕрІФрІЕ рѕўрїарїдрЅй рѕЏрЅЁрѕерЅбрІФ
­ЪЇи5.5 рѕірЅхрѕГ рІерѕўрІФрІЮ ріарЅЁрѕЮ рІФрѕѕрІЇ
­ЪЇирѕЏрѕФріф ріЦріЊ рЅарІЅрЅЦ рІ▓рІЏрІГріЋ
­ЪЇирѕѕрЅцрЅхрІј рЅ░рїерѕЏрѕф рІхрѕЮрЅђрЅх рІерѕџрѕєріЋ

┬а┬а┬а┬а рІІрїІ:-4,000рЅЦрѕГРюЁ

РЮїрІЅрѕхріЋ рЇЇрѕг ріљрІЇ рІФрѕѕріЋ
РЮї limited stock

­ЪЈб ріарІхрѕФрѕ╗ рЅЂ.1 ­ЪЉЅ рѕўрїѕріЊріЏ рЅ│рѕю рїІрѕх рѕЁріЋрЇЃ рїјріЋ рѕхрѕф ріцрѕЮ рѕ▓рЅ▓ рѕърѕЇ┬а рѕЂрѕѕрЅ░ріЏ рЇјрЅЁ рЅбрѕ« рЅЂ. SL-05A(ріе рѕірЇЇрЅ▒ рЇірЅх рѕѕ рЇірЅх)

­ЪЊЇрЅЂ.2 ­ЪЉЅрѕѕрЅА┬а рѕўрІ│рѕЁріњрІЊрѕѕрѕЮ рЅцрЅ░/ріГрѕГрѕхрЅ▓рІФріЋ┬а100рѕю рІѕрІ░ рѕЎрІџрЅЃ рЅцрЅх ріерЇЇ рЅЦрѕј┬а #рІЏрѕЮ_рѕърѕЇ 2ріЏ рЇјрЅЁ рЅбрѕ«.рЅЂ 214


┬а┬а┬а ­ЪЊ▓ 0909522840
┬а┬а┬а ­ЪЊ▓ 0923350054

­ЪЉЇрѕѕрЅА┬арЅЁрѕГріЋрїФрЇЇ­ЪЊ▓0973611819


­Ъћќ
­Ъњг┬а рЅаTelegram рѕѕрѕЏрІўрІЮ Рцх№ИЈ рІГрїарЅђрѕЎ
@shager_onlinestore
┬а 
рѕѕрЅ░рїерѕЏрѕф рѕЏрЅЦрѕФрѕфрІФ рІерЅ┤рѕїрїЇрѕФрѕЮ рїѕрЇЃрЅйріЋРцх№ИЈ
https://t.me/Shageronlinestore
┬а",2025-06-24 15:45:49+00:00,photos\@Shageronlinestore_7422.mp4
Sheger online-store,@Shageronlinestore,7421,"**РЮЄ№ИЈ Electronic Pest Repeller 

рЅарѕерѕ« ­ЪдЌРъЋрЅбріЋрЅб­ЪўАРъЋ ріарІГрїЦРъЋ рѕИрѕерѕфрЅх ­ЪЋиРъЋріЦріЊ рѕїрѕјрЅйрѕЮ ріљрЇЇрѕ│рЅх ріЦріЊ рЅ░рЅБрІ«рЅйріЋ ріЦрѕхріе рѕўрїерѕерѕ╗ рІхрѕерѕх рІФрѕхрІѕрїЇрІ│рѕЇРюЁ

­ЪћЦ рІерЅхрѕЮ рЅдрЅ│ рІГрІъ рѕѕрѕўріЋрЅђрѕ│рЅђрѕх рѕЮрЅ╣**
РџА№ИЈEnergy рЅєрїБрЅб
РџА№ИЈрѕЮріЋрѕЮ ріарІГріљрЅх рІхрѕЮрЇЁ рІерѕїрѕѕрІЇ

РџА№ИЈ**Portable Energy Saving No Noise Pest Repeller**

**#How_to_use****?**
__After plugging the power on the wall, you can see the blue indicator light and the machine begin to work, Also you can hear electronic scanning sound from high frequency to low frequency

__**__#Notice__**__
­ЪјеThis machine should be installed at 20-80 centimeter away from the floor, and should be vertica 1 to the floor and plug to the power socket__

­ЪЎїits normal that the mouse and vermin will increase at the beginning of the using days because they will get away from their living place after the attack of the ulterasonic.



┬а┬а┬а┬а┬а┬а┬а┬а┬а┬арІІрїІрЇд РюЁ№ИЈ 600 рЅЦрѕГ

РЮїрІЇрѕхріЋ рЇЇрѕг ріљрІЇ рІФрѕѕрІЇ
┬а┬а┬а┬а┬а┬а┬а
ріарІхрѕФрѕ╗ рЅЂ.1 ­ЪЉЅ рѕўрїѕріЊріЏ рЅ│рѕю рїІрѕх рѕЁріЋрЇЃ рїјріЋ рѕхрѕф ріцрѕЮ рѕ▓рЅ▓ рѕърѕЇ┬а рѕЂрѕѕрЅ░ріЏ рЇјрЅЁ рЅбрѕ« рЅЂ. SL-05A(ріе рѕірЇЇрЅ▒ рЇірЅх рѕѕ рЇірЅх)

­ЪЊЇрЅЂ.2 ­ЪЉЅрѕѕрЅА┬а рѕўрІ│рѕЁріњрІЊрѕѕрѕЮ рЅцрЅ░/ріГрѕГрѕхрЅ▓рІФріЋ рЇірЅх рѕѕрЇірЅх┬а #рІЏрѕЮ_рѕърѕЇ 2ріЏ рЇјрЅЁ рЅбрѕ« рЅЂрїЦрѕГ.214


┬а┬а┬а ­ЪЊ▓ 0909522840
┬а┬а┬а ­ЪЊ▓ 0923350054

­ЪЉЇрѕѕрЅА┬арЅЁрѕГріЋрїФрЇЇ­ЪЊ▓0973611819

­Ъћќ
­Ъњг┬а рЅаTelegram рѕѕрѕЏрІўрІЮ Рцх№ИЈ рІГрїарЅђрѕЎ
@shager_onlinestore
┬а 
рѕѕрЅ░рїерѕЏрѕф рѕЏрЅЦрѕФрѕфрІФ рІерЅ┤рѕїрїЇрѕФрѕЮ рїѕрЇЃрЅйріЋРцх№ИЈ
https://t.me/Shageronlinestore",2025-06-24 10:08:29+00:00,photos\@Shageronlinestore_7421.mp4
Sheger online-store,@Shageronlinestore,7420,"**РЮЄ№ИЈ Electronic Pest Repeller 

рЅарѕерѕ« ­ЪдЌРъЋрЅбріЋрЅб­ЪўАРъЋ ріарІГрїЦРъЋ рѕИрѕерѕфрЅх ­ЪЋиРъЋріЦріЊ рѕїрѕјрЅйрѕЮ ріљрЇЇрѕ│рЅх ріЦріЊ рЅ░рЅБрІ«рЅйріЋ ріЦрѕхріе рѕўрїерѕерѕ╗ рІхрѕерѕх рІФрѕхрІѕрїЇрІ│рѕЇРюЁ

­ЪћЦ рІерЅхрѕЮ рЅдрЅ│ рІГрІъ рѕѕрѕўріЋрЅђрѕ│рЅђрѕх рѕЮрЅ╣**
РџА№ИЈEnergy рЅєрїБрЅб
РџА№ИЈрѕЮріЋрѕЮ ріарІГріљрЅх рІхрѕЮрЇЁ рІерѕїрѕѕрІЇ

РџА№ИЈ**Portable Energy Saving No Noise Pest Repeller**

#How_to_use**?**
__After plugging the power on the wall, you can see the blue indicator light and the machine begin to work, Also you can hear electronic scanning sound from high frequency to low frequency

__#Notice__
­ЪјеThis machine should be installed at 20-80 centimeter away from the floor, and should be vertica 1 to the floor and plug to the power socket__

­ЪЎїits normal that the mouse and vermin will increase at the beginning of the using days because they will get away from their living place after the attack of the ulterasonic.


┬а┬а┬а┬а┬а┬а┬а┬а┬а┬а┬а┬а┬а┬а┬а┬арІІрїІрЇд РюЁ№ИЈ 600 рЅЦрѕГ

┬а┬а┬а┬а┬а┬а┬а
ріарІхрѕФрѕ╗ рЅЂ.1 ­ЪЉЅ рѕўрїѕріЊріЏ рЅ│рѕю рїІрѕх рѕЁріЋрЇЃ рїјріЋ рѕхрѕф ріцрѕЮ рѕ▓рЅ▓ рѕърѕЇ┬а рѕЂрѕѕрЅ░ріЏ рЇјрЅЁ рЅбрѕ« рЅЂ. SL-05A(ріе рѕірЇЇрЅ▒ рЇірЅх рѕѕ рЇірЅх)

­ЪЊЇрЅЂ.2 ­ЪЉЅрѕѕрЅА┬а рѕўрІ│рѕЁріњрІЊрѕѕрѕЮ рЅцрЅ░/ріГрѕГрѕхрЅ▓рІФріЋ рЇірЅх рѕѕрЇірЅх┬а #рІЏрѕЮ_рѕърѕЇ 2ріЏ рЇјрЅЁ рЅбрѕ« рЅЂрїЦрѕГ.214


┬а┬а┬а ­ЪЊ▓ 0909522840
┬а┬а┬а ­ЪЊ▓ 0923350054

­ЪЉЇрѕѕрЅА┬арЅЁрѕГріЋрїФрЇЇ­ЪЊ▓0973611819

­Ъћќ
­Ъњг┬а рЅаTelegram рѕѕрѕЏрІўрІЮ Рцх№ИЈ рІГрїарЅђрѕЎ
@shager_onlinestore
┬а 
рѕѕрЅ░рїерѕЏрѕф рѕЏрЅЦрѕФрѕфрІФ рІерЅ┤рѕїрїЇрѕФрѕЮ рїѕрЇЃрЅйріЋРцх№ИЈ
https://t.me/Shageronlinestore",2025-06-24 10:08:29+00:00,photos\@Shageronlinestore_7420.jpg
Sheger online-store,@Shageronlinestore,7419,"­ЪЇђ3in1 Rotatable outlet extender

­ЪЉЅcan easily convert one outlet in to three outlets 

­ЪЉЅspace saving design

­ЪЉЅcompact and portable

­ЪЉЅ250v

­ЪЉЅmax power-2500w


┬а┬а┬а┬а┬а рІІрїІ:-350рЅЦрѕГ

­ЪЈб ріарІхрѕФрѕ╗ рЅЂ.1 ­ЪЉЅ рѕўрїѕріЊріЏ рЅ│рѕю рїІрѕх рѕЁріЋрЇЃ рїјріЋ рѕхрѕф ріцрѕЮ рѕ▓рЅ▓ рѕърѕЇ┬а рѕЂрѕѕрЅ░ріЏ рЇјрЅЁ рЅбрѕ« рЅЂ. SL-05A(ріе рѕірЇЇрЅ▒ рЇірЅх рѕѕ рЇірЅх)

­ЪЊЇрЅЂ.2 ­ЪЉЅрѕѕрЅА┬а рѕўрІ│рѕЁріњрІЊрѕѕрѕЮ рЅцрЅ░/ріГрѕГрѕхрЅ▓рІФріЋ┬а100рѕю рІѕрІ░ рѕЎрІџрЅЃ рЅцрЅх ріерЇЇ рЅЦрѕј┬а #рІЏрѕЮ_рѕърѕЇ 2ріЏ рЇјрЅЁ рЅбрѕ«.рЅЂ 214


┬а┬а┬а ­ЪЊ▓ 0909522840
┬а┬а┬а ­ЪЊ▓ 0923350054

­ЪЉЇрѕѕрЅА┬арЅЁрѕГріЋрїФрЇЇ­ЪЊ▓0973611819


­Ъћќ
­Ъњг┬а рЅаTelegram рѕѕрѕЏрІўрІЮ Рцх№ИЈ рІГрїарЅђрѕЎ
@shager_onlinestore
┬а 
рѕѕрЅ░рїерѕЏрѕф рѕЏрЅЦрѕФрѕфрІФ рІерЅ┤рѕїрїЇрѕФрѕЮ рїѕрЇЃрЅйріЋРцх№ИЈ
https://t.me/Shageronlinestore",2025-06-24 05:36:56+00:00,photos\@Shageronlinestore_7419.mp4
Sheger online-store,@Shageronlinestore,7418,,2025-06-24 05:36:56+00:00,photos\@Shageronlinestore_7418.jpg
Sheger online-store,@Shageronlinestore,7417,,2025-06-24 05:36:56+00:00,photos\@Shageronlinestore_7417.jpg
Sheger online-store,@Shageronlinestore,7416,,2025-06-24 05:36:55+00:00,photos\@Shageronlinestore_7416.jpg
Sheger online-store,@Shageronlinestore,7415,"­ЪЇђ3in1 Rotatable outlet extender

­ЪЉЅcan easily convert one outlet in to three outlets 

­ЪЉЅspace saving design

­ЪЉЅcompact and portable

­ЪЉЅ250v

­ЪЉЅmax power-2500w


┬а┬а┬а┬а┬а рІІрїІ:-350рЅЦрѕГ

­ЪЈб ріарІхрѕФрѕ╗ рЅЂ.1 ­ЪЉЅ рѕўрїѕріЊріЏ рЅ│рѕю рїІрѕх рѕЁріЋрЇЃ рїјріЋ рѕхрѕф ріцрѕЮ рѕ▓рЅ▓ рѕърѕЇ┬а рѕЂрѕѕрЅ░ріЏ рЇјрЅЁ рЅбрѕ« рЅЂ. SL-05A(ріе рѕірЇЇрЅ▒ рЇірЅх рѕѕ рЇірЅх)

­ЪЊЇрЅЂ.2 ­ЪЉЅрѕѕрЅА┬а рѕўрІ│рѕЁріњрІЊрѕѕрѕЮ рЅцрЅ░/ріГрѕГрѕхрЅ▓рІФріЋ┬а100рѕю рІѕрІ░ рѕЎрІџрЅЃ рЅцрЅх ріерЇЇ рЅЦрѕј┬а #рІЏрѕЮ_рѕърѕЇ 2ріЏ рЇјрЅЁ рЅбрѕ«.рЅЂ 214


┬а┬а┬а ­ЪЊ▓ 0909522840
┬а┬а┬а ­ЪЊ▓ 0923350054

­ЪЉЇрѕѕрЅА┬арЅЁрѕГріЋрїФрЇЇ­ЪЊ▓0973611819


­Ъћќ
­Ъњг┬а рЅаTelegram рѕѕрѕЏрІўрІЮ Рцх№ИЈ рІГрїарЅђрѕЎ
@shager_onlinestore
┬а 
рѕѕрЅ░рїерѕЏрѕф рѕЏрЅЦрѕФрѕфрІФ рІерЅ┤рѕїрїЇрѕФрѕЮ рїѕрЇЃрЅйріЋРцх№ИЈ
https://t.me/Shageronlinestore",2025-06-24 05:36:55+00:00,photos\@Shageronlinestore_7415.jpg
Sheger online-store,@Shageronlinestore,7414,"­ЪЊБ Plastic And Metal Cubic Cloth Cabinet

Рюћ№ИЈ рІўрѕўріЊрІі рІерѕЇрЅЦрѕх рЅЂрѕЮрѕ│рїЦріЋ
Рюћ№ИЈ рЅарЅђрѕІрѕЅ рІерѕџрїѕрїБрїарѕЮ рІерѕџріљрЅЃрЅђрѕЇ
Рюћ№ИЈ ріерїаріЋріФрѕФ рЇЋрѕІрѕхрЅ▓ріГріЊ ріерЅЦрѕерЅх рЇЇрѕгрѕЮ рІерЅ░рѕ░рѕФ
Рюћ№ИЈ 1.05рѕюрЅхрѕГ├Ќ 45рѕБрѕю├Ќ1.75рѕюрЅхрѕГ рѕхрЇІрЅх
Рюћ№ИЈ ріерѕхрѕЕ 4 рїЦріЋрІх рїФрѕЏрІјрЅйріЋрѕЮ рІФрѕхрЅђрѕЮрїАрЅарЅ│рѕЇ
Рюћ№ИЈ рІерѕЇрїєрЅйріЊ рІеріарІІрЅѓ рѕЇрЅЦрѕХрЅйріЋ рѕѕрѕЏрѕхрЅђрѕўрїЦ рЅ░рѕўрѕФрїГ
Рюћ№ИЈ рѕЏрѕФріф рІЇрЅарЅх

┬а┬а┬а┬а┬а┬а рІІрїІ:-5500 рЅЦрѕГ

рІЇрѕхріЋ рЇЇрѕг ріљрІЇ рІФрѕѕрІЇ

­ЪЈб ріарІхрѕФрѕ╗ рЅЂ.1 ­ЪЉЅ рѕўрїѕріЊріЏ рЅ│рѕю рїІрѕх рѕЁріЋрЇЃ рїјріЋ рѕхрѕф ріцрѕЮ рѕ▓рЅ▓ рѕърѕЇ┬а рѕЂрѕѕрЅ░ріЏ рЇјрЅЁ рЅбрѕ« рЅЂ. SL-05A(ріе рѕірЇЇрЅ▒ рЇірЅх рѕѕ рЇірЅх)

­ЪЊЇрЅЂ.2 ­ЪЉЅрѕѕрЅА┬а рѕўрІ│рѕЁріњрІЊрѕѕрѕЮ рЅцрЅ░/ріГрѕГрѕхрЅ▓рІФріЋ┬а100рѕю рІѕрІ░ рѕЎрІџрЅЃ рЅцрЅх ріерЇЇ рЅЦрѕј┬а #рІЏрѕЮ_рѕърѕЇ 2ріЏ рЇјрЅЁ рЅбрѕ«.рЅЂ 214


┬а┬а┬а ­ЪЊ▓ 0909522840
┬а┬а┬а ­ЪЊ▓ 0923350054

­ЪЉЇрѕѕрЅА┬арЅЁрѕГріЋрїФрЇЇ­ЪЊ▓0973611819


­Ъћќ
­Ъњг┬а рЅаTelegram рѕѕрѕЏрІўрІЮ Рцх№ИЈ рІГрїарЅђрѕЎ
@shager_onlinestore
┬а 
рѕѕрЅ░рїерѕЏрѕф рѕЏрЅЦрѕФрѕфрІФ рІерЅ┤рѕїрїЇрѕФрѕЮ рїѕрЇЃрЅйріЋРцх№ИЈ
https://t.me/Shageronlinestore┬а┬а┬а┬а┬а",2025-06-23 10:31:18+00:00,photos\@Shageronlinestore_7414.mp4
Sheger online-store,@Shageronlinestore,7413,,2025-06-23 10:31:18+00:00,photos\@Shageronlinestore_7413.jpg
Sheger online-store,@Shageronlinestore,7412,,2025-06-23 10:31:18+00:00,photos\@Shageronlinestore_7412.jpg
Sheger online-store,@Shageronlinestore,7411,,2025-06-23 10:31:18+00:00,photos\@Shageronlinestore_7411.jpg
Sheger online-store,@Shageronlinestore,7410,,2025-06-23 10:31:18+00:00,photos\@Shageronlinestore_7410.jpg
Sheger online-store,@Shageronlinestore,7409,,2025-06-23 10:31:18+00:00,photos\@Shageronlinestore_7409.jpg
Sheger online-store,@Shageronlinestore,7408,"­ЪЊБ Plastic And Metal Cubic Cloth Cabinet

Рюћ№ИЈ рІўрѕўріЊрІі рІерѕЇрЅЦрѕх рЅЂрѕЮрѕ│рїЦріЋ
Рюћ№ИЈ рЅарЅђрѕІрѕЅ рІерѕџрїѕрїБрїарѕЮ рІерѕџріљрЅЃрЅђрѕЇ
Рюћ№ИЈ ріерїаріЋріФрѕФ рЇЋрѕІрѕхрЅ▓ріГріЊ ріерЅЦрѕерЅх рЇЇрѕгрѕЮ рІерЅ░рѕ░рѕФ
Рюћ№ИЈ 1.05рѕюрЅхрѕГ├Ќ 45рѕБрѕю├Ќ1.75рѕюрЅхрѕГ рѕхрЇІрЅх
Рюћ№ИЈ ріерѕхрѕЕ 4 рїЦріЋрІх рїФрѕЏрІјрЅйріЋрѕЮ рІФрѕхрЅђрѕЮрїАрЅарЅ│рѕЇ
Рюћ№ИЈ рІерѕЇрїєрЅйріЊ рІеріарІІрЅѓ рѕЇрЅЦрѕХрЅйріЋ рѕѕрѕЏрѕхрЅђрѕўрїЦ рЅ░рѕўрѕФрїГ
Рюћ№ИЈ рѕЏрѕФріф рІЇрЅарЅх

┬а┬а┬а┬а┬а┬а рІІрїІ:-5500 рЅЦрѕГ

рІЇрѕхріЋ рЇЇрѕг ріљрІЇ рІФрѕѕрІЇ

­ЪЈб ріарІхрѕФрѕ╗ рЅЂ.1 ­ЪЉЅ рѕўрїѕріЊріЏ рЅ│рѕю рїІрѕх рѕЁріЋрЇЃ рїјріЋ рѕхрѕф ріцрѕЮ рѕ▓рЅ▓ рѕърѕЇ┬а рѕЂрѕѕрЅ░ріЏ рЇјрЅЁ рЅбрѕ« рЅЂ. SL-05A(ріе рѕірЇЇрЅ▒ рЇірЅх рѕѕ рЇірЅх)

­ЪЊЇрЅЂ.2 ­ЪЉЅрѕѕрЅА┬а рѕўрІ│рѕЁріњрІЊрѕѕрѕЮ рЅцрЅ░/ріГрѕГрѕхрЅ▓рІФріЋ┬а100рѕю рІѕрІ░ рѕЎрІџрЅЃ рЅцрЅх ріерЇЇ рЅЦрѕј┬а #рІЏрѕЮ_рѕърѕЇ 2ріЏ рЇјрЅЁ рЅбрѕ«.рЅЂ 214


┬а┬а┬а ­ЪЊ▓ 0909522840
┬а┬а┬а ­ЪЊ▓ 0923350054

­ЪЉЇрѕѕрЅА┬арЅЁрѕГріЋрїФрЇЇ­ЪЊ▓0973611819


­Ъћќ
­Ъњг┬а рЅаTelegram рѕѕрѕЏрІўрІЮ Рцх№ИЈ рІГрїарЅђрѕЎ
@shager_onlinestore
┬а 
рѕѕрЅ░рїерѕЏрѕф рѕЏрЅЦрѕФрѕфрІФ рІерЅ┤рѕїрїЇрѕФрѕЮ рїѕрЇЃрЅйріЋРцх№ИЈ
https://t.me/Shageronlinestore┬а┬а┬а┬а┬а┬а┬а┬а┬а┬а

┬а┬а┬а┬а┬а┬а┬а┬а",2025-06-23 10:31:17+00:00,photos\@Shageronlinestore_7408.jpg
Sheger online-store,@Shageronlinestore,7407,"­ЪњЦ wc toilet rack/washing machin rack

РџА№ИЈ рІерѕўрЇђрІ│рїЃ рЅцрЅхрІЋрЅЃрІјрЅй┬а рѕўрІ░рѕГрІ░рѕфрІФ
РџА№ИЈ рїаріЋріФрѕФ рЅЦрѕерЅх
РџА№ИЈ рѕ╝рѕЇрЇЅ рІерѕІрѕюрѕФ 
РџА№ИЈ рЅЦрІЎ ріљрїѕрѕ«рЅйріЋ рІФрѕхрЅђрѕЮрїАрЅарЅ│рѕЇ
РџА№ИЈ ріарїѕрїБрїарѕЎ рЅђрѕІрѕЇ
РџА№ИЈ рЅарѕФрѕ▒ рІерѕџрЅєрѕЮ
РџА№ИЈ 1.60рѕюрЅхрѕГ рЅЂрѕўрЅхрЇБ 47рѕБрѕю рѕхрЇІрЅх ріЦріЊ рѕ░рЇірІЇ ріаріФрѕІ 25рѕБрѕю рїЦрѕЇрЅђрЅх рІФрѕѕрІЇ
РџА№ИЈ рѕѕрі«ріЋрІХрѕџріњрІерѕЮ/ріарЇЊрѕГрЅ│рѕЏ рЅцрЅХрЅй рІерѕџрЇѕрѕѕрїЇ
┬а┬а┬а┬а┬а┬а┬а 
┬а┬а┬а┬а┬а┬а рІІрїІ:- 3500рЅЦрѕГРюЁ

Рюќ№ИЈрІЇрѕхріЋ рЇЇрѕг ріљрІЇ рІФрѕѕрІЇ

­ЪЈб ріарІхрѕФрѕ╗┬арЅЂ.1 ­ЪЉЅ рѕўрїѕріЊріЏ рѕхрѕф ріцрѕЮ рѕ▓рЅ▓ рѕърѕЇ┬а рѕЂрѕѕрЅ░ріЏ рЇјрЅЁ рЅбрѕ« рЅЂ. SL-05A(ріе рѕірЇЇрЅ▒ рЇірЅх рѕѕ рЇірЅх)

­ЪЊЇрЅЂ.2 ­ЪЉЅрѕѕрЅА┬а рѕўрІ│рѕЁріњрІЊрѕѕрѕЮ рЅцрЅ░/ріГрѕГрѕхрЅ▓рІФріЋ рЇірЅх рѕѕрЇірЅх┬а #рІЏрѕЮ_рѕърѕЇ 2ріЏ рЇјрЅЁ рЅбрѕ« рЅЂрїЦрѕГ.214


­ЪЉЇрѕѕрЅА┬арЅЁрѕГріЋрїФрЇЇ­ЪЊ▓0973611819

┬а┬а┬а┬а ­ЪњД­ЪњД­ЪњД­ЪњД


┬а┬а┬а ­ЪЊ▓ 0909522840
┬а┬а┬а ­ЪЊ▓ 0923350054

­Ъћќ
­Ъњг┬а рЅаTelegram рѕѕрѕЏрІўрІЮ Рцх№ИЈ рІГрїарЅђрѕЎ
@shager_onlinestore
┬а 
рѕѕрЅ░рїерѕЏрѕф рѕЏрЅЦрѕФрѕфрІФ рІерЅ┤рѕїрїЇрѕФрѕЮ рїѕрЇЃрЅйріЋРцх№ИЈ
https://t.me/Shageronlinestore",2025-06-23 07:27:17+00:00,photos\@Shageronlinestore_7407.mp4
Sheger online-store,@Shageronlinestore,7406,"­ЪњЦ wc toilet rack/washing machin rack

РџА№ИЈ рІерѕўрЇђрІ│рїЃ рЅцрЅхрІЋрЅЃрІјрЅй┬а рѕўрІ░рѕГрІ░рѕфрІФ
РџА№ИЈ рїаріЋріФрѕФ рЅЦрѕерЅх
РџА№ИЈ рѕ╝рѕЇрЇЅ рІерѕІрѕюрѕФ 
РџА№ИЈ рЅЦрІЎ ріљрїѕрѕ«рЅйріЋ рІФрѕхрЅђрѕЮрїАрЅарЅ│рѕЇ
РџА№ИЈ ріарїѕрїБрїарѕЎ рЅђрѕІрѕЇ
РџА№ИЈ рЅарѕФрѕ▒ рІерѕџрЅєрѕЮ
РџА№ИЈ 1.60рѕюрЅхрѕГ рЅЂрѕўрЅхрЇБ 47рѕБрѕю рѕхрЇІрЅх ріЦріЊ рѕ░рЇірІЇ ріаріФрѕІ 25рѕБрѕю рїЦрѕЇрЅђрЅх рІФрѕѕрІЇ
РџА№ИЈ рѕѕрі«ріЋрІХрѕџріњрІерѕЮ/ріарЇЊрѕГрЅ│рѕЏ рЅцрЅХрЅй рІерѕџрЇѕрѕѕрїЇ
┬а┬а┬а┬а┬а┬а┬а 
┬а┬а┬а┬а┬а┬а рІІрїІ:- 3500рЅЦрѕГРюЁ

Рюќ№ИЈрІЇрѕхріЋ рЇЇрѕг ріљрІЇ рІФрѕѕрІЇ

­ЪЈб ріарІхрѕФрѕ╗┬арЅЂ.1 ­ЪЉЅ рѕўрїѕріЊріЏ рѕхрѕф ріцрѕЮ рѕ▓рЅ▓ рѕърѕЇ┬а рѕЂрѕѕрЅ░ріЏ рЇјрЅЁ рЅбрѕ« рЅЂ. SL-05A(ріе рѕірЇЇрЅ▒ рЇірЅх рѕѕ рЇірЅх)

­ЪЊЇрЅЂ.2 ­ЪЉЅрѕѕрЅА┬а рѕўрІ│рѕЁріњрІЊрѕѕрѕЮ рЅцрЅ░/ріГрѕГрѕхрЅ▓рІФріЋ рЇірЅх рѕѕрЇірЅх┬а #рІЏрѕЮ_рѕърѕЇ 2ріЏ рЇјрЅЁ рЅбрѕ« рЅЂрїЦрѕГ.214


­ЪЉЇрѕѕрЅА┬арЅЁрѕГріЋрїФрЇЇ­ЪЊ▓0973611819

┬а┬а┬а┬а ­ЪњД­ЪњД­ЪњД­ЪњД


┬а┬а┬а ­ЪЊ▓ 0909522840
┬а┬а┬а ­ЪЊ▓ 0923350054

­Ъћќ
­Ъњг┬а рЅаTelegram рѕѕрѕЏрІўрІЮ Рцх№ИЈ рІГрїарЅђрѕЎ
@shager_onlinestore
┬а 
рѕѕрЅ░рїерѕЏрѕф рѕЏрЅЦрѕФрѕфрІФ рІерЅ┤рѕїрїЇрѕФрѕЮ рїѕрЇЃрЅйріЋРцх№ИЈ
https://t.me/Shageronlinestore",2025-06-23 07:27:17+00:00,photos\@Shageronlinestore_7406.jpg
Sheger online-store,@Shageronlinestore,7405,,2025-06-21 14:15:21+00:00,photos\@Shageronlinestore_7405.jpg
Sheger online-store,@Shageronlinestore,7404,,2025-06-21 14:15:21+00:00,photos\@Shageronlinestore_7404.jpg
Sheger online-store,@Shageronlinestore,7403,"­ЪЉІ** BARDEFU 2 IN 1 Multi purpose juicer

**­ЪЉЅ** рі│рѕірЅ▓ рІерѕєріљ рІерїЂрѕх рѕўрЇЇрїФ 
**­ЪЉЅ** рІерїђрѕГрѕўріЋ рЅ┤ріГріќрѕјрїѓ рІерѕєріљ 
**­ЪЉЅ** 3 рѕїрЅхрѕГ рїЂрѕх рІерѕџрЇѕрїГ рїєрїЇ рІФрѕѕрІЇ 
**­ЪЉЅ** рІерЅЦріЊ ріЦріЊ рІерЅЁрѕўрѕЏ рЅЁрѕўрѕЮ рѕўрЇЇрїФ рІФрѕѕрІЇ **
­ЪЉЅ **8000Watt рІерѕєріљ
**­ЪЉЅ **рѕЮрѕІрї«рЅ╣ рїаріЋріФрѕФ рІерѕєріЉ 
**­ЪЉЅ** рѕѕрЅцрЅх ріЦріЋрІ▓рѕЂрѕЮ рѕѕрѕхрѕФ рІерѕџрѕєріЋ┬а ріарѕфрЇЇ ріЦрЅЃ 
**­ЪЉЅ** рѕѕріарїарЅЃрЅђрѕЮ рЅђрѕІрѕЇ 
­ЪЉЅ рЅарѕерІХ рІГрЇѕрїФрѕЇ
┬а┬а┬а┬а┬а┬а┬а┬а┬а┬а ┬а 
┬а┬а┬а┬а ┬а **┬а┬а┬а рІІрїІ:-6**800**рЅЦрѕГ

рІЇрѕхріЋ рЇЇрѕг ріљрІЇ рІФрѕѕріЋ/ Limited Stock

­ЪЈб ріарІхрѕФрѕ╗ рЅЂ.1 ­ЪЉЅ рѕўрїѕріЊріЏ рЅ│рѕю рїІрѕх рѕЁріЋрЇЃ рїјріЋ рѕхрѕф ріцрѕЮ рѕ▓рЅ▓ рѕърѕЇ┬а рѕЂрѕѕрЅ░ріЏ рЇјрЅЁ рЅбрѕ« рЅЂ. SL-05A(ріе рѕірЇЇрЅ▒ рЇірЅх рѕѕ рЇірЅх)

­ЪЊЇрЅЂ.2 ­ЪЉЅрѕѕрЅА┬а рѕўрІ│рѕЁріњрІЊрѕѕрѕЮ рЅцрЅ░/ріГрѕГрѕхрЅ▓рІФріЋ┬а рІѕрІ░ рѕЎрІџрЅЃ рЅцрЅх ріерЇЇ рЅЦрѕј┬а #рІЏрѕЮ_рѕърѕЇ 2ріЏ рЇјрЅЁ рЅбрѕ«.рЅЂ 214


┬а┬а┬а ­ЪЊ▓ 0909522840
┬а┬а┬а ­ЪЊ▓ 0923350054

­ЪЉЇрѕѕрЅА┬арЅЁрѕГріЋрїФрЇЇ­ЪЊ▓0973611819


­Ъћќ
­Ъњг┬а рЅаTelegram рѕѕрѕЏрІўрІЮ Рцх№ИЈ рІГрїарЅђрѕЎ
@shager_onlinestore
┬а 
рѕѕрЅ░рїерѕЏрѕф рѕЏрЅЦрѕФрѕфрІФ рІерЅ┤рѕїрїЇрѕФрѕЮ рїѕрЇЃрЅйріЋРцх№ИЈ
https://t.me/Shageronlinestore",2025-06-21 14:15:20+00:00,photos\@Shageronlinestore_7403.jpg
Sheger online-store,@Shageronlinestore,7402,"­ЪЉІ** BARDEFU 2 IN 1 Multi purpose juicer

**­ЪЉЅ** рі│рѕірЅ▓ рІерѕєріљ рІерїЂрѕх рѕўрЇЇрїФ 
**­ЪЉЅ** рІерїђрѕГрѕўріЋ рЅ┤ріГріќрѕјрїѓ рІерѕєріљ 
**­ЪЉЅ** 3 рѕїрЅхрѕГ рїЂрѕх рІерѕџрЇѕрїГ рїєрїЇ рІФрѕѕрІЇ 
**­ЪЉЅ** рІерЅЦріЊ ріЦріЊ рІерЅЁрѕўрѕЏ рЅЁрѕўрѕЮ рѕўрЇЇрїФ рІФрѕѕрІЇ **
­ЪЉЅ **8000Watt рІерѕєріљ
**­ЪЉЅ **рѕЮрѕІрї«рЅ╣ рїаріЋріФрѕФ рІерѕєріЉ 
**­ЪЉЅ** рѕѕрЅцрЅх ріЦріЋрІ▓рѕЂрѕЮ рѕѕрѕхрѕФ рІерѕџрѕєріЋ┬а ріарѕфрЇЇ ріЦрЅЃ 
**­ЪЉЅ** рѕѕріарїарЅЃрЅђрѕЮ рЅђрѕІрѕЇ 
­ЪЉЅ рЅарѕерІХ рІГрЇѕрїФрѕЇ
┬а┬а┬а┬а┬а┬а┬а┬а┬а┬а ┬а 
┬а┬а┬а┬а ┬а **┬а┬а┬а рІІрїІ:-6**800**рЅЦрѕГ

рІЇрѕхріЋ рЇЇрѕг ріљрІЇ рІФрѕѕріЋ/ Limited Stock

­ЪЈб ріарІхрѕФрѕ╗ рЅЂ.1 ­ЪЉЅ рѕўрїѕріЊріЏ рЅ│рѕю рїІрѕх рѕЁріЋрЇЃ рїјріЋ рѕхрѕф ріцрѕЮ рѕ▓рЅ▓ рѕърѕЇ┬а рѕЂрѕѕрЅ░ріЏ рЇјрЅЁ рЅбрѕ« рЅЂ. SL-05A(ріе рѕірЇЇрЅ▒ рЇірЅх рѕѕ рЇірЅх)

­ЪЊЇрЅЂ.2 ­ЪЉЅрѕѕрЅА┬а рѕўрІ│рѕЁріњрІЊрѕѕрѕЮ рЅцрЅ░/ріГрѕГрѕхрЅ▓рІФріЋ┬а рІѕрІ░ рѕЎрІџрЅЃ рЅцрЅх ріерЇЇ рЅЦрѕј┬а #рІЏрѕЮ_рѕърѕЇ 2ріЏ рЇјрЅЁ рЅбрѕ«.рЅЂ 214


┬а┬а┬а ­ЪЊ▓ 0909522840
┬а┬а┬а ­ЪЊ▓ 0923350054

­ЪЉЇрѕѕрЅА┬арЅЁрѕГріЋрїФрЇЇ­ЪЊ▓0973611819


­Ъћќ
­Ъњг┬а рЅаTelegram рѕѕрѕЏрІўрІЮ Рцх№ИЈ рІГрїарЅђрѕЎ
@shager_onlinestore
┬а 
рѕѕрЅ░рїерѕЏрѕф рѕЏрЅЦрѕФрѕфрІФ рІерЅ┤рѕїрїЇрѕФрѕЮ рїѕрЇЃрЅйріЋРцх№ИЈ
https://t.me/Shageronlinestore",2025-06-21 14:12:57+00:00,photos\@Shageronlinestore_7402.mp4
Sheger online-store,@Shageronlinestore,7401,"­ЪњЦ portable electrical water dispenser

­ЪЉЅрЅБрѕѕ 3 press
­ЪЉЅ рѕѕрѕЏріЋріЏрІЇрѕЮ рІЊрІГріљрЅх рІерІЇрѕЃ рїђрѕфріФріЋ рІерѕџрѕєріЋ
­ЪЉЅ рЅ▒рЅдрІЇ 55cm рІерѕџрѕерІЮрѕЮ 
­ЪЉЅ 1200mA рЅ╗рѕГрїЁ рІерѕўрІФрІЮ ріарЅЁрѕЮ рІФрѕѕрІЇ рЅБрЅхрѕф
­ЪЉЅ рѕўрїарїФ рЅЦрѕГрїГрЅє рЅарѕФрѕ▒ рѕІрІГ рѕЏрѕхрЅђрѕўрїЦ рІГрЅ╗рѕІрѕЇ

┬а┬а┬а┬а┬а┬а┬а┬а┬а рІІрїІ:- 1600 рЅЦрѕГРюЁ

ріарІхрѕФрѕ╗ рЅЂ.1 ­ЪЉЅ рѕўрїѕріЊріЏ рЅ│рѕю рїІрѕх рѕЁріЋрЇЃ рїјріЋ рѕхрѕф ріцрѕЮ рѕ▓рЅ▓ рѕърѕЇ┬а рѕЂрѕѕрЅ░ріЏ рЇјрЅЁ рЅбрѕ« рЅЂ. SL-05A(ріе рѕірЇЇрЅ▒ рЇірЅх рѕѕ рЇірЅх)

­ЪЊЇрЅЂ.2 ­ЪЉЅрѕѕрЅА┬а рѕўрІ│рѕЁріњрІЊрѕѕрѕЮ рЅцрЅ░/ріГрѕГрѕхрЅ▓рІФріЋ рЇірЅх рѕѕрЇірЅх┬а #рІЏрѕЮ_рѕърѕЇ 2ріЏ рЇјрЅЁ рЅбрѕ« рЅЂрїЦрѕГ.214


┬а┬а┬а ­ЪЊ▓ 0909522840
┬а┬а┬а ­ЪЊ▓ 0923350054

­ЪЉЇрѕѕрЅА┬арЅЁрѕГріЋрїФрЇЇ­ЪЊ▓0973611819

­Ъћќ
­Ъњг┬а рЅаTelegram рѕѕрѕЏрІўрІЮ Рцх№ИЈ рІГрїарЅђрѕЎ
@shager_onlinestore
┬а 
рѕѕрЅ░рїерѕЏрѕф рѕЏрЅЦрѕФрѕфрІФ рІерЅ┤рѕїрїЇрѕФрѕЮ рїѕрЇЃрЅйріЋРцх№ИЈ
https://t.me/Shageronlinestore",2025-06-21 07:02:35+00:00,photos\@Shageronlinestore_7401.jpg
Sheger online-store,@Shageronlinestore,7400,"­ЪњЦ portable electrical water dispenser

­ЪЉЅрЅБрѕѕ 3 press
­ЪЉЅ рѕѕрѕЏріЋріЏрІЇрѕЮ рІЊрІГріљрЅх рІерІЇрѕЃ рїђрѕфріФріЋ рІерѕџрѕєріЋ
­ЪЉЅ рЅ▒рЅдрІЇ 55cm рІерѕџрѕерІЮрѕЮ 
­ЪЉЅ 1200mA рЅ╗рѕГрїЁ рІерѕўрІФрІЮ ріарЅЁрѕЮ рІФрѕѕрІЇ рЅБрЅхрѕф
­ЪЉЅ рѕўрїарїФ рЅЦрѕГрїГрЅє рЅарѕФрѕ▒ рѕІрІГ рѕЏрѕхрЅђрѕўрїЦ рІГрЅ╗рѕІрѕЇ

┬а┬а┬а┬а┬а┬а┬а┬а┬а рІІрїІ:- 1600 рЅЦрѕГРюЁ

ріарІхрѕФрѕ╗ рЅЂ.1 ­ЪЉЅ рѕўрїѕріЊріЏ рЅ│рѕю рїІрѕх рѕЁріЋрЇЃ рїјріЋ рѕхрѕф ріцрѕЮ рѕ▓рЅ▓ рѕърѕЇ┬а рѕЂрѕѕрЅ░ріЏ рЇјрЅЁ рЅбрѕ« рЅЂ. SL-05A(ріе рѕірЇЇрЅ▒ рЇірЅх рѕѕ рЇірЅх)

­ЪЊЇрЅЂ.2 ­ЪЉЅрѕѕрЅА┬а рѕўрІ│рѕЁріњрІЊрѕѕрѕЮ рЅцрЅ░/ріГрѕГрѕхрЅ▓рІФріЋ рЇірЅх рѕѕрЇірЅх┬а #рІЏрѕЮ_рѕърѕЇ 2ріЏ рЇјрЅЁ рЅбрѕ« рЅЂрїЦрѕГ.214


┬а┬а┬а ­ЪЊ▓ 0909522840
┬а┬а┬а ­ЪЊ▓ 0923350054

­ЪЉЇрѕѕрЅА┬арЅЁрѕГріЋрїФрЇЇ­ЪЊ▓0973611819

­Ъћќ
­Ъњг┬а рЅаTelegram рѕѕрѕЏрІўрІЮ Рцх№ИЈ рІГрїарЅђрѕЎ
@shager_onlinestore
┬а 
рѕѕрЅ░рїерѕЏрѕф рѕЏрЅЦрѕФрѕфрІФ рІерЅ┤рѕїрїЇрѕФрѕЮ рїѕрЇЃрЅйріЋРцх№ИЈ
https://t.me/Shageronlinestore",2025-06-21 07:01:25+00:00,photos\@Shageronlinestore_7400.mp4
Sheger online-store,@Shageronlinestore,7399,"­ЪњЦGROOMING SET 

Рюѓ№ИЈ рѕХрѕхрЅх рЅаріаріЋрІх рІерІФрІў рІерЇђрїЅрѕГ рѕЏрѕйріЋ ріЦріЊ рѕ╝рЅерѕГ┬а┬а┬а┬а┬а┬а┬а┬а┬а┬а┬а┬а┬а┬а┬а┬а┬а┬а┬а┬а┬а┬а┬а┬а┬а┬а┬а┬а┬а┬а┬а┬а┬а┬а┬а┬а┬а┬а┬а┬а┬а┬а┬а┬а┬а
Рюѓ№ИЈ┬арІерѕџрѕ░рѕФ рїЦрѕФрЅх рЅБрѕѕрІЇ рїЇрЅЦріарЅх ріЦріЊ рІ▓рІЏрІеріЋ┬а рІерЅ░рѕ░рѕФ 

Рюѓ№ИЈрІерѕФрѕх рЇђрїЅрѕГ ріЦріЊ рЇѓрѕЮріЋ рЅарѕхрѕГріарЅх ріЦріЊ рЅарїЦрѕФрЅх рѕѕрѕЏрѕхрЅ░ріФріерѕЇ ріарѕхрЅ░рѕЏрѕЏріЮ рѕЏрѕйріЋ 

Рюѓ№ИЈрЅарѕџрЇѕрѕЇрїЅрЅх рѕўрїаріЋ рѕѕрѕўрЅЂрѕерїЦ рѕўрЅђрІФрІерѕф рЅЂрїЦрѕ«рЅй рІФрѕЅрЅх 

Рюѓ№ИЈрїЦрЅЃрЅЁріЋ рѕѕрѕхрѕІрѕ│ рѕЮрѕІрї«рЅй ріЦрІерЅ░рѕйріерѕеріерѕЕ рѕЮрЅЙрЅхріЋ рЅарЅ░рѕІрЅарѕ░ рѕўрѕЇріЕ рЇѓрѕЮрІјріЋ рІФрѕхрѕЮрѕЕрѕЅрІјрЅ│рѕЇ

Рюѓ№ИЈріЦріЋрІ░ рѕЮрѕІрїГ рІѕрІГрѕЮ рІерЇђрїЅрѕГ рЅХріЋрІХрѕх рѕЮрЅЙрЅх рІерѕЏрІГріљрѕ│ рЅарѕЇрѕхрѕІрѕ┤ ріаріЋрїѕрЅхріЊ ріарїѕрїГ рѕхрѕГ рѕЎрѕЇрїГ ріарІхрѕГрїј рІерѕџрѕІрїГ┬а┬а┬а┬а┬а┬а┬а┬а┬а┬а┬а┬а┬а┬а┬а┬а┬а┬а┬а┬а┬а┬а┬а┬а┬а┬а┬а┬а┬а┬а┬а┬а┬а┬а┬а┬а┬а┬а┬а┬а┬а┬а┬а┬а┬а┬а┬а┬а┬а┬а┬а┬а┬а┬а┬а┬а┬а┬а┬а┬а┬а┬а┬а┬а┬а┬а┬а┬а┬а┬а┬а┬а┬а┬а┬а┬а┬а┬а┬а┬а┬а┬а┬а┬а┬а┬а┬а┬а┬а┬а┬а┬а┬а┬а┬а┬а┬а┬а 

┬а┬а┬а┬а рІІрїІрЇд РюЁ 2,300 рЅЦрѕГ

┬а┬а┬а┬а┬а┬а┬а┬а┬а┬а
РЮїрІЅрѕхріЋ рЇЇрѕг ріљрІЇ рІФрѕѕріЋ
РЮї limited stock

­ЪЈб ріарІхрѕФрѕ╗ рЅЂ.1 ­ЪЉЅ рѕўрїѕріЊріЏ рЅ│рѕю рїІрѕх рѕЁріЋрЇЃ рїјріЋ рѕхрѕф ріцрѕЮ рѕ▓рЅ▓ рѕърѕЇ┬а рѕЂрѕѕрЅ░ріЏ рЇјрЅЁ рЅбрѕ« рЅЂ. SL-05A(ріе рѕірЇЇрЅ▒ рЇірЅх рѕѕ рЇірЅх)

­ЪЊЇрЅЂ.2 ­ЪЉЅрѕѕрЅА┬а рѕўрІ│рѕЁріњрІЊрѕѕрѕЮ рЅцрЅ░/ріГрѕГрѕхрЅ▓рІФріЋ рЇірЅх рѕѕрЇірЅх┬а #рІЏрѕЮ_рѕърѕЇ 2ріЏ рЇјрЅЁ рЅбрѕ« рЅЂрїЦрѕГ.214


┬а┬а┬а ­ЪЊ▓ 0909522840
┬а┬а┬а ­ЪЊ▓ 0923350054

­ЪЉЇрѕѕрЅА┬арЅЁрѕГріЋрїФрЇЇ­ЪЊ▓0973611819

­Ъћќ
­Ъњг┬а рЅаTelegram рѕѕрѕЏрІўрІЮ Рцх№ИЈ рІГрїарЅђрѕЎ
@shager_onlinestore
┬а 
рѕѕрЅ░рїерѕЏрѕф рѕЏрЅЦрѕФрѕфрІФ рІерЅ┤рѕїрїЇрѕФрѕЮ рїѕрЇЃрЅйріЋРцх№ИЈ
https://t.me/Shageronlinestore",2025-06-20 15:25:41+00:00,photos\@Shageronlinestore_7399.jpg
Sheger online-store,@Shageronlinestore,7398,,2025-06-20 15:25:41+00:00,photos\@Shageronlinestore_7398.jpg
Sheger online-store,@Shageronlinestore,7397,,2025-06-20 15:25:40+00:00,photos\@Shageronlinestore_7397.jpg
Sheger online-store,@Shageronlinestore,7396,,2025-06-20 15:25:40+00:00,photos\@Shageronlinestore_7396.jpg
Sheger online-store,@Shageronlinestore,7395,"­ЪњЦGROOMING SET 

Рюѓ№ИЈ рѕХрѕхрЅх рЅаріаріЋрІх рІерІФрІў рІерЇђрїЅрѕГ рѕЏрѕйріЋ ріЦріЊ рѕ╝рЅерѕГ┬а┬а┬а┬а┬а┬а┬а┬а┬а┬а┬а┬а┬а┬а┬а┬а┬а┬а┬а┬а┬а┬а┬а┬а┬а┬а┬а┬а┬а┬а┬а┬а┬а┬а┬а┬а┬а┬а┬а┬а┬а┬а┬а┬а┬а
Рюѓ№ИЈ┬арІерѕџрѕ░рѕФ рїЦрѕФрЅх рЅБрѕѕрІЇ рїЇрЅЦріарЅх ріЦріЊ рІ▓рІЏрІеріЋ┬а рІерЅ░рѕ░рѕФ 

Рюѓ№ИЈрІерѕФрѕх рЇђрїЅрѕГ ріЦріЊ рЇѓрѕЮріЋ рЅарѕхрѕГріарЅх ріЦріЊ рЅарїЦрѕФрЅх рѕѕрѕЏрѕхрЅ░ріФріерѕЇ ріарѕхрЅ░рѕЏрѕЏріЮ рѕЏрѕйріЋ 

Рюѓ№ИЈрЅарѕџрЇѕрѕЇрїЅрЅх рѕўрїаріЋ рѕѕрѕўрЅЂрѕерїЦ рѕўрЅђрІФрІерѕф рЅЂрїЦрѕ«рЅй рІФрѕЅрЅх 

Рюѓ№ИЈрїЦрЅЃрЅЁріЋ рѕѕрѕхрѕІрѕ│ рѕЮрѕІрї«рЅй ріЦрІерЅ░рѕйріерѕеріерѕЕ рѕЮрЅЙрЅхріЋ рЅарЅ░рѕІрЅарѕ░ рѕўрѕЇріЕ рЇѓрѕЮрІјріЋ рІФрѕхрѕЮрѕЕрѕЅрІјрЅ│рѕЇ

Рюѓ№ИЈріЦріЋрІ░ рѕЮрѕІрїГ рІѕрІГрѕЮ рІерЇђрїЅрѕГ рЅХріЋрІХрѕх рѕЮрЅЙрЅх рІерѕЏрІГріљрѕ│ рЅарѕЇрѕхрѕІрѕ┤ ріаріЋрїѕрЅхріЊ ріарїѕрїГ рѕхрѕГ рѕЎрѕЇрїГ ріарІхрѕГрїј рІерѕџрѕІрїГ┬а┬а┬а┬а┬а┬а┬а┬а┬а┬а┬а┬а┬а┬а┬а┬а┬а┬а┬а┬а┬а┬а┬а┬а┬а┬а┬а┬а┬а┬а┬а┬а┬а┬а┬а┬а┬а┬а┬а┬а┬а┬а┬а┬а┬а┬а┬а┬а┬а┬а┬а┬а┬а┬а┬а┬а┬а┬а┬а┬а┬а┬а┬а┬а┬а┬а┬а┬а┬а┬а┬а┬а┬а┬а┬а┬а┬а┬а┬а┬а┬а┬а┬а┬а┬а┬а┬а┬а┬а┬а┬а┬а┬а┬а┬а┬а┬а┬а 

┬а┬а┬а┬а рІІрїІрЇд РюЁ 2,300 рЅЦрѕГ

┬а┬а┬а┬а┬а┬а┬а┬а┬а┬а
РЮїрІЅрѕхріЋ рЇЇрѕг ріљрІЇ рІФрѕѕріЋ
РЮї limited stock

­ЪЈб ріарІхрѕФрѕ╗ рЅЂ.1 ­ЪЉЅ рѕўрїѕріЊріЏ рЅ│рѕю рїІрѕх рѕЁріЋрЇЃ рїјріЋ рѕхрѕф ріцрѕЮ рѕ▓рЅ▓ рѕърѕЇ┬а рѕЂрѕѕрЅ░ріЏ рЇјрЅЁ рЅбрѕ« рЅЂ. SL-05A(ріе рѕірЇЇрЅ▒ рЇірЅх рѕѕ рЇірЅх)

­ЪЊЇрЅЂ.2 ­ЪЉЅрѕѕрЅА┬а рѕўрІ│рѕЁріњрІЊрѕѕрѕЮ рЅцрЅ░/ріГрѕГрѕхрЅ▓рІФріЋ рЇірЅх рѕѕрЇірЅх┬а #рІЏрѕЮ_рѕърѕЇ 2ріЏ рЇјрЅЁ рЅбрѕ« рЅЂрїЦрѕГ.214


┬а┬а┬а ­ЪЊ▓ 0909522840
┬а┬а┬а ­ЪЊ▓ 0923350054

­ЪЉЇрѕѕрЅА┬арЅЁрѕГріЋрїФрЇЇ­ЪЊ▓0973611819

­Ъћќ
­Ъњг┬а рЅаTelegram рѕѕрѕЏрІўрІЮ Рцх№ИЈ рІГрїарЅђрѕЎ
@shager_onlinestore
┬а 
рѕѕрЅ░рїерѕЏрѕф рѕЏрЅЦрѕФрѕфрІФ рІерЅ┤рѕїрїЇрѕФрѕЮ рїѕрЇЃрЅйріЋРцх№ИЈ
https://t.me/Shageronlinestore",2025-06-20 15:25:40+00:00,photos\@Shageronlinestore_7395.jpg
Sheger online-store,@Shageronlinestore,7394,,2025-06-20 11:47:53+00:00,photos\@Shageronlinestore_7394.jpg
Sheger online-store,@Shageronlinestore,7393,"­ЪњЦ 1L┬а Water Bottle

┬а┬а┬а┬а┬а ­Ъњ»High Quality

РџА№ИЈ 1L water time scale reminder, outdoor sports and fitness

┬а┬а┬а┬а┬а┬а┬а┬а рІІрїІ:-800рЅЦрѕГ

Рюї№ИЈрІЇрѕхріЋ рЇЇрѕг ріљрІЇ рІФрѕѕріЋ/ Limited Stock

­ЪЈб ріарІхрѕФрѕ╗ рЅЂ.1 ­ЪЉЅ рѕўрїѕріЊріЏ рЅ│рѕю рїІрѕх рѕЁріЋрЇЃ рїјріЋ рѕхрѕф ріцрѕЮ рѕ▓рЅ▓ рѕърѕЇ┬а рѕЂрѕѕрЅ░ріЏ рЇјрЅЁ рЅбрѕ« рЅЂ. SL-05A(ріе рѕірЇЇрЅ▒ рЇірЅх рѕѕ рЇірЅх)

­ЪЊЇрЅЂ.2 ­ЪЉЅрѕѕрЅА┬а рѕўрІ│рѕЁріњрІЊрѕѕрѕЮ рЅцрЅ░/ріГрѕГрѕхрЅ▓рІФріЋ┬а100рѕю рІѕрІ░ рѕЎрІџрЅЃ рЅцрЅх ріерЇЇ рЅЦрѕј┬а #рІЏрѕЮ_рѕърѕЇ 2ріЏ рЇјрЅЁ рЅбрѕ«.рЅЂ 214


┬а┬а┬а ­ЪЊ▓ 0909522840
┬а┬а┬а ­ЪЊ▓ 0923350054

­ЪЉЇрѕѕрЅА┬арЅЁрѕГріЋрїФрЇЇ­ЪЊ▓0973611819


­Ъћќ
­Ъњг┬а рЅаTelegram рѕѕрѕЏрІўрІЮ Рцх№ИЈ рІГрїарЅђрѕЎ
@shager_onlinestore
┬а 
рѕѕрЅ░рїерѕЏрѕф рѕЏрЅЦрѕФрѕфрІФ рІерЅ┤рѕїрїЇрѕФрѕЮ рїѕрЇЃрЅйріЋРцх№ИЈ
https://t.me/Shageronlinestore┬а┬а┬а┬а┬а┬а┬а┬а┬а┬а┬а┬а┬а",2025-06-20 11:47:53+00:00,photos\@Shageronlinestore_7393.jpg
Sheger online-store,@Shageronlinestore,7392,,2025-06-20 09:03:23+00:00,photos\@Shageronlinestore_7392.jpg
Sheger online-store,@Shageronlinestore,7391,"­ЪњЦ Sonifer Steam Iron 

┬а┬а┬а┬а┬а рІерѕЇрЅЦрѕх рѕўрЅХріерѕ╗

­Ъњ» High Quality ┬«№ИЈ

РџА№ИЈ Ceramic Soleplate
РџА№ИЈTemperature Control dial 
РџА№ИЈPowerful Burst Function
РџА№ИЈvariable Steam Control
РџА№ИЈSpray and Steam Function
РџА№ИЈOverheat Protection
РџА№ИЈTransparent Water Level Window
РџА№ИЈ Flexible 360┬░ Swivel Cord 
РџА№ИЈVoltage AC 220-240V

┬а┬а┬а┬а┬а рІІрїІрЇд┬а2900рЅЦрѕГРюЁ

РЮїрІЅрѕхріЋ рЇЇрѕг ріљрІЇ рІФрѕѕріЋРЮї
РЮї limited stockРЮї

­ЪЈб ріарІхрѕФрѕ╗ рЅЂ.1 ­ЪЉЅ рѕўрїѕріЊріЏ рЅ│рѕю рїІрѕх рѕЁріЋрЇЃ рїјріЋ рѕхрѕф ріцрѕЮ рѕ▓рЅ▓ рѕърѕЇ┬а рѕЂрѕѕрЅ░ріЏ рЇјрЅЁ рЅбрѕ« рЅЂ. SL-05A(ріе рѕірЇЇрЅ▒ рЇірЅх рѕѕ рЇірЅх)

­ЪЊЇрЅЂ.2 ­ЪЉЅрѕѕрЅА┬а рѕўрІ│рѕЁріњрІЊрѕѕрѕЮ рЅцрЅ░/ріГрѕГрѕхрЅ▓рІФріЋ┬а100рѕю рІѕрІ░ рѕЎрІџрЅЃ рЅцрЅх ріерЇЇ рЅЦрѕј┬а #рІЏрѕЮ_рѕърѕЇ 2ріЏ рЇјрЅЁ рЅбрѕ«.рЅЂ 214


┬а┬а┬а ­ЪЊ▓ 0909522840
┬а┬а┬а ­ЪЊ▓ 0923350054

­ЪЉЇрѕѕрЅА┬арЅЁрѕГріЋрїФрЇЇ­ЪЊ▓0973611819


­Ъћќ
­Ъњг┬а рЅаTelegram рѕѕрѕЏрІўрІЮ Рцх№ИЈ рІГрїарЅђрѕЎ
@shager_onlinestore
┬а 
рѕѕрЅ░рїерѕЏрѕф рѕЏрЅЦрѕФрѕфрІФ рІерЅ┤рѕїрїЇрѕФрѕЮ рїѕрЇЃрЅйріЋРцх№ИЈ
https://t.me/Shageronlinestore┬а┬а┬а┬а┬а┬а┬а┬а┬а┬а",2025-06-20 09:03:23+00:00,photos\@Shageronlinestore_7391.jpg
Sheger online-store,@Shageronlinestore,7390,"­ЪњЦSayona multifunctional juicer and extractor

РюеBest Quality 

Рюе рЅЦрѕГрЅ▒ріФріЋ ріФрѕ«рЅх ріарЇЋрѕЇ ріаріЊріЊрѕх рїЂрѕх рІГрѕ░рѕФрѕЇ рЇІрІГрЅарѕЕріЋ рѕѕрЅЦрЅ╗ рІФрѕхрІѕрїЇрІ┤рѕЇ
Рюе рІерЇЇрѕФрЇЇрѕг рїЂрѕх рІГрѕ░рѕФрѕЇ
Рюе рѕйріЋріЕрѕГрЅхріЊ рѕхрїІ рІГрЇѕрїФрѕЇ
РюерЅАріЊріЊ рЅЁрѕўрѕЏ рЅЁрѕўрѕЮ рІГрЇѕрїФрѕЇрЇб

┬а┬а┬а┬а┬а┬а┬а┬а┬а┬а┬а┬а рІІрїІрЇд8500 рЅЦрѕГРюЁ
┬а┬а┬а┬а┬а┬а┬а┬а┬а┬а┬а ┬а┬а┬а┬а┬а┬а┬а┬а┬а┬а┬а┬а┬а┬а┬а┬а
рІЇрѕхріЋ рЇЇрѕг ріљрІЇ рІФрѕѕріЋ/ Limited Stock

­ЪЈб ріарІхрѕФрѕ╗ рЅЂ.1 ­ЪЉЅ рѕўрїѕріЊріЏ рЅ│рѕю рїІрѕх рѕЁріЋрЇЃ рїјріЋ рѕхрѕф ріцрѕЮ рѕ▓рЅ▓ рѕърѕЇ┬а рѕЂрѕѕрЅ░ріЏ рЇјрЅЁ рЅбрѕ« рЅЂ. SL-05A(ріе рѕірЇЇрЅ▒ рЇірЅх рѕѕ рЇірЅх)

­ЪЊЇрЅЂ.2 ­ЪЉЅрѕѕрЅА┬а рѕўрІ│рѕЁріњрІЊрѕѕрѕЮ рЅцрЅ░/ріГрѕГрѕхрЅ▓рІФріЋ┬а рІѕрІ░ рѕЎрІџрЅЃ рЅцрЅх ріерЇЇ рЅЦрѕј┬а #рІЏрѕЮ_рѕърѕЇ 2ріЏ рЇјрЅЁ рЅбрѕ«.рЅЂ 214


┬а┬а┬а ­ЪЊ▓ 0909522840
┬а┬а┬а ­ЪЊ▓ 0923350054

­ЪЉЇрѕѕрЅА┬арЅЁрѕГріЋрїФрЇЇ­ЪЊ▓0973611819


­Ъћќ
­Ъњг┬а рЅаTelegram рѕѕрѕЏрІўрІЮ Рцх№ИЈ рІГрїарЅђрѕЎ
@shager_onlinestore
┬а 
рѕѕрЅ░рїерѕЏрѕф рѕЏрЅЦрѕФрѕфрІФ рІерЅ┤рѕїрїЇрѕФрѕЮ рїѕрЇЃрЅйріЋРцх№ИЈ
https://t.me/Shageronlinestore",2025-06-20 06:48:11+00:00,photos\@Shageronlinestore_7390.jpg
Sheger online-store,@Shageronlinestore,7389,,2025-06-19 12:31:30+00:00,photos\@Shageronlinestore_7389.jpg
Sheger online-store,@Shageronlinestore,7388,,2025-06-19 12:31:30+00:00,photos\@Shageronlinestore_7388.jpg
Sheger online-store,@Shageronlinestore,7387,,2025-06-19 12:31:30+00:00,photos\@Shageronlinestore_7387.jpg
Sheger online-store,@Shageronlinestore,7386,,2025-06-19 12:31:30+00:00,photos\@Shageronlinestore_7386.jpg
Sheger online-store,@Shageronlinestore,7385,,2025-06-19 12:31:30+00:00,photos\@Shageronlinestore_7385.jpg
Sheger online-store,@Shageronlinestore,7384,"­ЪЊБ 2in1 long handled bath brush

­ЪњЦрѕѕріарІФрІФрІЮ рѕЮрЅ╣ 
­ЪњЦрЅарЅђрѕІрѕЅ рІерѕЏріЋрІ░рѕГрѕхрЅарЅхріЋ рІерїђрѕГрЅБ ріГрЇЇрѕЇ рѕѕрѕЏрѕИрЅх рЅ░рѕўрѕФрїГ
­ЪњЦрѕѕрЅєрІ│ рЅ░рѕхрѕЏрѕџ рІерѕєріљ рЅЦрѕЕрѕй
­ЪњЦрЅарѕЂрѕѕрЅ▒рѕЮ рЅаріЕрѕЇ рІерѕџрІФрѕй

рІІрїІрЇд┬а ­Ъњ░­ЪЈи┬а 450 рЅЦрѕГ

­ЪЈб ріарІхрѕФрѕ╗ рЅЂ.1 ­ЪЉЅрѕхрѕф ріцрѕЮ рѕ▓рЅ▓ рѕърѕЇ┬а рѕЂрѕѕрЅ░ріЏ рЇјрЅЁ рЅбрѕ« рЅЂ. SL-05A(ріе рѕірЇЇрЅ▒ рЇірЅх рѕѕ рЇірЅх)

­ЪЊЇрЅЂ.2 ­ЪЉЅрѕѕрЅА┬а рѕўрІ│рѕЁріњрІЊрѕѕрѕЮ рЅцрЅ░/ріГрѕГрѕхрЅ▓рІФріЋ┬а100рѕю рІѕрІ░ рѕЎрІџрЅЃ рЅцрЅх ріерЇЇ рЅЦрѕј┬а #рІЏрѕЮ_рѕърѕЇ 2ріЏ рЇјрЅЁ рЅбрѕ«.рЅЂ 214


┬а┬а┬а ­ЪЊ▓ 0909522840
┬а┬а┬а ­ЪЊ▓ 0923350054

­ЪЉЇрѕѕрЅА┬арЅЁрѕГріЋрїФрЇЇ­ЪЊ▓0973611819


­Ъћќ
­Ъњг┬а рЅаTelegram рѕѕрѕЏрІўрІЮ Рцх№ИЈ рІГрїарЅђрѕЎ
@shager_onlinestore
┬а 
рѕѕрЅ░рїерѕЏрѕф рѕЏрЅЦрѕФрѕфрІФ рІерЅ┤рѕїрїЇрѕФрѕЮ рїѕрЇЃрЅйріЋРцх№ИЈ
https://t.me/Shageronlinestore┬а┬а┬а┬а┬а┬а┬а┬а┬а┬а┬а┬а┬а",2025-06-19 12:31:30+00:00,photos\@Shageronlinestore_7384.jpg
Sheger online-store,@Shageronlinestore,7383,"­ЪњЦMiralux Hot plate
 рЅБрѕѕрѕЂрѕѕрЅх рѕЮрІхрїЃ рѕхрЅХрЅГ

┬а┬а┬а┬а┬а ­Ъњ»orginal

РџА№ИЈ 2000 рІІрЅх
РџА№ИЈ рЇірІЇрІЮ рІерЅ░рїѕрїарѕўрѕѕрЅх
РџА№ИЈ рЅхрѕЇрЅЁ рІхрѕхрЅх рѕўрѕИріерѕЮ рІерѕџрЅйрѕЇ
РџА№ИЈ ріарѕхрЅ░рѕЏрѕЏріЮ рЅ┤рѕГрѕърѕхрЅ│рЅх
РџА№ИЈ рЅБрѕѕ рЇірІЇрІЮ

рІІрїІрЇд рЅхрѕЇрЅЂ :- 2900рЅЦрѕГРюЁ



ріарІхрѕФрѕ╗┬а­ЪЊЇ рЅЂ.1 ­ЪЉЅрѕўрїѕріЊріЏ рѕхрѕф ріцрѕЮ рѕ▓рЅ▓ рѕърѕЇ┬а рѕЂрѕѕрЅ░ріЏ рЇјрЅЁ рЅбрѕ« рЅЂ. SL-05A(ріе рѕірЇЇрЅ▒ рЇірЅх рѕѕ рЇірЅх)

­ЪЊЇрЅЂ.2 ­ЪЉЅрѕѕрЅА┬а рѕўрІ│рѕЁріњрІЊрѕѕрѕЮ рЅцрЅ░/ріГрѕГрѕхрЅ▓рІФріЋ рЇірЅх рѕѕрЇірЅх┬а #рІЏрѕЮ_рѕърѕЇ 2ріЏ рЇјрЅЁ рЅбрѕ« рЅЂрїЦрѕГ.214


­ЪЉЇрѕѕрЅА рЅЁрѕГріЋрїФрЇЇ­ЪЊ▓0973611819

┬а┬а┬а┬а ­ЪњД­ЪњД­ЪњД­ЪњД


┬а┬а┬а ­ЪЊ▓ 0909522840
┬а┬а┬а ­ЪЊ▓ 0923350054

­Ъћќ
­Ъњг┬а рЅаTelegram рѕѕрѕЏрІўрІЮ Рцх№ИЈ рІГрїарЅђрѕЎ
@shager_onlinestore
┬а 
рѕѕрЅ░рїерѕЏрѕф рѕЏрЅЦрѕФрѕфрІФ рІерЅ┤рѕїрїЇрѕФрѕЮ рїѕрЇЃрЅйріЋРцх№ИЈ
https://t.me/Shageronlinestore",2025-06-19 06:31:31+00:00,photos\@Shageronlinestore_7383.jpg
Sheger online-store,@Shageronlinestore,7382,"­ЪњЦ7pcs glass water set

Рюћ№ИЈ ріаріЋрІх рѕЏрѕФріф рїєрїЇріЊ 6 рѕўрїарїФ рЅЦрѕГрїГрЅєрІјрЅй
Рюћ№ИЈ рІерЇѕрѕ│рѕй рѕўрїарїЦ рѕЏрЅЁрѕерЅбрІФ
Рюћ№ИЈ ріерЇЇрЅ░ріЏ рѕЎрЅђрЅх рІерѕџрЅІрЅІрѕЮ
Рюћ№ИЈ рі│рѕірЅ▓ рІѕрЇЇрѕФрѕЮ

┬арІІрїІрЇд РюЁ┬а3,400 рЅЦрѕГ

┬а┬арІЇрѕхріЋ рЇЇрѕг ріљрІЇ рІерЅђрѕерІЇ РЮї

­ЪЈб ріарІхрѕФрѕ╗ рЅЂ.1 ­ЪЉЅ рѕўрїѕріЊріЏ рЅ│рѕю рїІрѕх рѕЁріЋрЇЃ рїјріЋ рѕхрѕф ріцрѕЮ рѕ▓рЅ▓ рѕърѕЇ┬а рѕЂрѕѕрЅ░ріЏ рЇјрЅЁ рЅбрѕ« рЅЂ. SL-05A(ріе рѕірЇЇрЅ▒ рЇірЅх рѕѕ рЇірЅх)

­ЪЊЇрЅЂ.2 ­ЪЉЅрѕѕрЅА┬а рѕўрІ│рѕЁріњрІЊрѕѕрѕЮ рЅцрЅ░/ріГрѕГрѕхрЅ▓рІФріЋ┬а100рѕю рІѕрІ░ рѕЎрІџрЅЃ рЅцрЅх ріерЇЇ рЅЦрѕј┬а #рІЏрѕЮ_рѕърѕЇ 2ріЏ рЇјрЅЁ рЅбрѕ«.рЅЂ 214


┬а┬а┬а ­ЪЊ▓ 0909522840
┬а┬а┬а ­ЪЊ▓ 0923350054

­ЪЉЇрѕѕрЅА┬арЅЁрѕГріЋрїФрЇЇ­ЪЊ▓0973611819


­Ъћќ
­Ъњг┬а рЅаTelegram рѕѕрѕЏрІўрІЮ Рцх№ИЈ рІГрїарЅђрѕЎ
@shager_onlinestore
┬а 
рѕѕрЅ░рїерѕЏрѕф рѕЏрЅЦрѕФрѕфрІФ рІерЅ┤рѕїрїЇрѕФрѕЮ рїѕрЇЃрЅйріЋРцх№ИЈ
https://t.me/Shageronlinestore┬а┬а┬а┬а┬а┬а┬а┬а┬а┬а",2025-06-18 11:19:11+00:00,photos\@Shageronlinestore_7382.jpg
Sheger online-store,@Shageronlinestore,7381,,2025-06-18 11:19:11+00:00,photos\@Shageronlinestore_7381.jpg
Sheger online-store,@Shageronlinestore,7380,,2025-06-18 11:19:11+00:00,photos\@Shageronlinestore_7380.jpg
Sheger online-store,@Shageronlinestore,7379,,2025-06-18 11:19:11+00:00,photos\@Shageronlinestore_7379.jpg
Sheger online-store,@Shageronlinestore,7378,,2025-06-18 11:19:10+00:00,photos\@Shageronlinestore_7378.jpg
Sheger online-store,@Shageronlinestore,7377,"­Ъј» Universal water-saving dishwasher head

­Ъћ░Increase water outlet pressure and rinse efficiently.
­Ъћ░360 ┬░ rotating head
­Ъћ░100% functional !!

рІІрїІрЇд  ­Ъњ░­ЪЈи  400 рЅЦрѕГ

РЎд№ИЈрІЇрѕхріЋ рЇЇрѕг ріљрІЇ рІФрѕѕрІЇ 

ріарІхрѕФрѕ╗ рЅЂ.1 ­ЪЉЅ рѕўрїѕріЊріЏ рЅ│рѕю рїІрѕх рѕЁріЋрЇЃ рїјріЋ рѕхрѕф ріцрѕЮ рѕ▓рЅ▓ рѕърѕЇ┬а рѕЂрѕѕрЅ░ріЏ рЇјрЅЁ рЅбрѕ« рЅЂ. SL-05A(ріе рѕірЇЇрЅ▒ рЇірЅх рѕѕ рЇірЅх)

­ЪЊЇрЅЂ.2 ­ЪЉЅрѕѕрЅА┬а рѕўрІ│рѕЁріњрІЊрѕѕрѕЮ рЅцрЅ░/ріГрѕГрѕхрЅ▓рІФріЋ рЇірЅх рѕѕрЇірЅх┬а #рІЏрѕЮ_рѕърѕЇ 2ріЏ рЇјрЅЁ рЅбрѕ« рЅЂрїЦрѕГ.214


┬а┬а┬а ­ЪЊ▓ 0909522840
┬а┬а┬а ­ЪЊ▓ 0923350054

­ЪЉЇрѕѕрЅА┬арЅЁрѕГріЋрїФрЇЇ­ЪЊ▓0973611819

­Ъћќ
­Ъњг┬а рЅаTelegram рѕѕрѕЏрІўрІЮ Рцх№ИЈ рІГрїарЅђрѕЎ
@shager_onlinestore
┬а 
рѕѕрЅ░рїерѕЏрѕф рѕЏрЅЦрѕФрѕфрІФ рІерЅ┤рѕїрїЇрѕФрѕЮ рїѕрЇЃрЅйріЋРцх№ИЈ
https://t.me/Shageronlinestore",2025-06-18 07:12:03+00:00,photos\@Shageronlinestore_7377.mp4
Sheger online-store,@Shageronlinestore,7376,"­ЪњЦ special base for refrigerator and washing machine

­ЪЉЅHome moving furniture caster wheel heavy objects transporter small mover labor-saving moving wheels bed tool
РџА№ИЈріе45cm ріЦрѕхріе 70cm рѕўрѕѕрїарїЦ рІерѕџрЅйрѕЇ

    рІІрїІрЇд­Ъњ░­ЪЈи  2,000 рЅЦрѕГ

┬а┬аРЎд№ИЈрІЇрѕхріЋ рЇЇрѕг ріљрІЇ рІФрѕѕрІЇ

­ЪЈб ріарІхрѕФрѕ╗ рЅЂ.1 ­ЪЉЅ рѕўрїѕріЊріЏ рЅ│рѕю рїІрѕх рѕЁріЋрЇЃ рїјріЋ рѕхрѕф ріцрѕЮ рѕ▓рЅ▓ рѕърѕЇ┬а рѕЂрѕѕрЅ░ріЏ рЇјрЅЁ рЅбрѕ« рЅЂ. SL-05A(ріе рѕірЇЇрЅ▒ рЇірЅх рѕѕ рЇірЅх)

­ЪЊЇрЅЂ.2 ­ЪЉЅрѕѕрЅА┬а рѕўрІ│рѕЁріњрІЊрѕѕрѕЮ рЅцрЅ░/ріГрѕГрѕхрЅ▓рІФріЋ рЇірЅх рѕѕрЇірЅх┬а #рІЏрѕЮ_рѕърѕЇ 2ріЏ рЇјрЅЁ рЅбрѕ« рЅЂрїЦрѕГ.214


┬а┬а┬а ­ЪЊ▓ 0909522840
┬а┬а┬а ­ЪЊ▓ 0923350054

­ЪЉЇрѕѕрЅА┬арЅЁрѕГріЋрїФрЇЇ­ЪЊ▓0973611819

­Ъћќ
­Ъњг┬а рЅаTelegram рѕѕрѕЏрІўрІЮ Рцх№ИЈ рІГрїарЅђрѕЎ
@shager_onlinestore
┬а 
рѕѕрЅ░рїерѕЏрѕф рѕЏрЅЦрѕФрѕфрІФ рІерЅ┤рѕїрїЇрѕФрѕЮ рїѕрЇЃрЅйріЋРцх№ИЈ
https://t.me/Shageronlinestore",2025-06-17 18:32:21+00:00,photos\@Shageronlinestore_7376.mp4
Sheger online-store,@Shageronlinestore,7375,"­ЪњЦ special base for refrigerator and washing machine

­ЪЉЅHome moving furniture caster wheel heavy objects transporter small mover labor-saving moving wheels bed tool

рІІрїІрЇд┬а ­Ъњ░­ЪЈи┬а 2000 рЅЦрѕГРюЁ

┬а┬а┬аРЎд№ИЈрІЇрѕхріЋ рЇЇрѕг ріљрІЇ рІФрѕѕрІЇ

­ЪЈб ріарІхрѕФрѕ╗ рЅЂ.1 ­ЪЉЅ рѕўрїѕріЊріЏ рЅ│рѕю рїІрѕх рѕЁріЋрЇЃ рїјріЋ рѕхрѕф ріцрѕЮ рѕ▓рЅ▓ рѕърѕЇ┬а рѕЂрѕѕрЅ░ріЏ рЇјрЅЁ рЅбрѕ« рЅЂ. SL-05A(ріе рѕірЇЇрЅ▒ рЇірЅх рѕѕ рЇірЅх)

­ЪЊЇрЅЂ.2 ­ЪЉЅрѕѕрЅА┬а рѕўрІ│рѕЁріњрІЊрѕѕрѕЮ рЅцрЅ░/ріГрѕГрѕхрЅ▓рІФріЋ рЇірЅх рѕѕрЇірЅх┬а #рІЏрѕЮ_рѕърѕЇ 2ріЏ рЇјрЅЁ рЅбрѕ« рЅЂрїЦрѕГ.214


┬а┬а┬а ­ЪЊ▓ 0909522840
┬а┬а┬а ­ЪЊ▓ 0923350054

­ЪЉЇрѕѕрЅА┬арЅЁрѕГріЋрїФрЇЇ­ЪЊ▓0973611819

­Ъћќ
­Ъњг┬а рЅаTelegram рѕѕрѕЏрІўрІЮ Рцх№ИЈ рІГрїарЅђрѕЎ
@shager_onlinestore
┬а 
рѕѕрЅ░рїерѕЏрѕф рѕЏрЅЦрѕФрѕфрІФ рІерЅ┤рѕїрїЇрѕФрѕЮ рїѕрЇЃрЅйріЋРцх№ИЈ
https://t.me/Shageronlinestore",2025-06-17 18:32:20+00:00,photos\@Shageronlinestore_7375.jpg
Sheger online-store,@Shageronlinestore,7374,,2025-06-17 14:55:21+00:00,photos\@Shageronlinestore_7374.jpg
Sheger online-store,@Shageronlinestore,7373,,2025-06-17 14:55:21+00:00,photos\@Shageronlinestore_7373.jpg
Sheger online-store,@Shageronlinestore,7372,,2025-06-17 14:55:21+00:00,photos\@Shageronlinestore_7372.jpg
Sheger online-store,@Shageronlinestore,7371,,2025-06-17 14:55:21+00:00,photos\@Shageronlinestore_7371.jpg
Sheger online-store,@Shageronlinestore,7370,"­ЪњЦVintage Mason Glass Drinking Jar with Straw

­ЪЉЅрІерѕФрѕ│рЅИрІЇ рѕхрЅхрѕ« рІФрѕІрЅИрІЇ ріЦрїЁрїЇ рІЇрЅЦ рІерѕєріЉ рІерїЂрѕх рѕўрїарїФ рЅЦрѕГрїГрЅєрІѕрЅй

­ЪЇИ500ml

     ┬арІІрїІрЇд┬а550рЅЦрѕГРюЁРюЁ

РЎд№ИЈрІЇрѕхріЋ рЇЇрѕг ріљрІЇ рІФрѕѕрІЇ 

­ЪЈб ріарІхрѕФрѕ╗┬а рЅЂ.1­ЪЉЅ рѕўрїѕріЊріЏ рѕхрѕф ріцрѕЮ рѕ▓рЅ▓ рѕърѕЇ┬а рѕЂрѕѕрЅ░ріЏ рЇјрЅЁ рЅбрѕ« рЅЂ. SL-05A(ріе рѕірЇЇрЅ▒ рЇірЅх рѕѕ рЇірЅх)

­ЪЊЇрЅЂ.2 ­ЪЉЅрѕѕрЅА┬а рѕўрІ│рѕЁріњрІЊрѕѕрѕЮ рЅцрЅ░/ріГрѕГрѕхрЅ▓рІФріЋ рЇірЅх рѕѕрЇірЅх┬а #рІЏрѕЮ_рѕърѕЇ 2ріЏ рЇјрЅЁ рЅбрѕ« рЅЂрїЦрѕГ.214


­ЪЉЇрѕѕрЅА┬арЅЁрѕГріЋрїФрЇЇ­ЪЊ▓0973611819



┬а┬а┬а ­ЪЊ▓ 0909522840
┬а┬а┬а ­ЪЊ▓ 0923350054

­Ъћќ
­Ъњг┬а рЅаTelegram рѕѕрѕЏрІўрІЮ Рцх№ИЈ рІГрїарЅђрѕЎ
@shager_onlinestore
┬а 
рѕѕрЅ░рїерѕЏрѕф рѕЏрЅЦрѕФрѕфрІФ рІерЅ┤рѕїрїЇрѕФрѕЮ рїѕрЇЃрЅйріЋРцх№ИЈ
https://t.me/Shageronlinestore",2025-06-17 14:55:21+00:00,photos\@Shageronlinestore_7370.jpg
Sheger online-store,@Shageronlinestore,7369,"­ЪЊБ HOBBY LOBBY 3 in 1 Chopper and Garlic Peeler

#рѕхрїІ ріЦріЊ рѕйріЋріЕрѕГрЅх рЅарѕ░ріеріЋрІХрЅй рІхрЅЁрЅЁ рІерѕџрІФрІ░рѕГрїЇ 

#рІеріљрїГ_рѕйріЋріЕрѕГрЅх рІерѕФрѕ▒ рѕўрѕІрїФ рІФрѕѕрІЇ


Рюћ№ИЈ Two 3-liter jars
Рюћ№ИЈ One is metal and the other is thick glass.
Рюћ№ИЈ With 4 blades and 2 blades grinder
­ЪЉђ Meat, gizzards, vegetables, onions, and garlic are ground into it.­ЪЉђ
­Ъћћ Dried and peeled garlic cloves with a peeler­Ъћћ
­ЪЊї An additional switch with 4 blades
Рюћ№ИЈ 3-press grinder

┬а┬а┬а рІІрїІ:- 3900рЅЦрѕГ

­ЪЊЇрІЇрѕхріЋ рЇЇрѕг ріљрІЇ рІФрѕѕріЋ/ Limited Stock

­ЪЈб ріарІхрѕФрѕ╗ рЅЂ.1 ­ЪЉЅ рѕўрїѕріЊріЏ рЅ│рѕю рїІрѕх рѕЁріЋрЇЃ рїјріЋ рѕхрѕф ріцрѕЮ рѕ▓рЅ▓ рѕърѕЇ┬а рѕЂрѕѕрЅ░ріЏ рЇјрЅЁ рЅбрѕ« рЅЂ. SL-05A(ріе рѕірЇЇрЅ▒ рЇірЅх рѕѕ рЇірЅх)

­ЪЊЇрЅЂ.2 ­ЪЉЅрѕѕрЅА┬а рѕўрІ│рѕЁріњрІЊрѕѕрѕЮ рЅцрЅ░/ріГрѕГрѕхрЅ▓рІФріЋ┬а100рѕю рІѕрІ░ рѕЎрІџрЅЃ рЅцрЅх ріерЇЇ рЅЦрѕј┬а #рІЏрѕЮ_рѕърѕЇ 2ріЏ рЇјрЅЁ рЅбрѕ«.рЅЂ 214


┬а┬а┬а ­ЪЊ▓ 0909522840
┬а┬а┬а ­ЪЊ▓ 0923350054

­ЪЉЇрѕѕрЅА┬арЅЁрѕГріЋрїФрЇЇ­ЪЊ▓0973611819


­Ъћќ
­Ъњг┬а рЅаTelegram рѕѕрѕЏрІўрІЮ Рцх№ИЈ рІГрїарЅђрѕЎ
@shager_onlinestore
┬а 
рѕѕрЅ░рїерѕЏрѕф рѕЏрЅЦрѕФрѕфрІФ рІерЅ┤рѕїрїЇрѕФрѕЮ рїѕрЇЃрЅйріЋРцх№ИЈ
https://t.me/Shageronlinestore",2025-06-17 08:41:24+00:00,photos\@Shageronlinestore_7369.mp4
